Product Name,ASIN,Price,Brand,Rating,Number of Reviews,URL
"XMART INDIA Drawer Organizers for Underwear, Socks, Bras, Ties, Undergarments, and Scarves - Closet Storage Dividers for Household Use Wardrobe Storage Box Set of 4 (Multicolor), Plastic",B0DBVV3FYQ,219,XMART INDIA,4.2,"1,840 ratings",https://www.amazon.in/XMART-INDIA-Organizers-Underwear-Undergarments/dp/B0DBVV3FYQ/ref=sr_1_4?dib=eyJ2IjoiMSJ9.D98BpsI-osjrT5M0RAjMdVs3dcCQ5t9fkaD6_UZ4tMKQvbuBsKqEbOWgcl79RC8ZKftLJlpJm1w_U9DnUIVMvsvJ3WVblNdPYE7e4ErKLvYAfwRaJ9DI8cwauzkAv2ddlAAeABgl1TcSgEKquSbZs4oOEvz2noGPrQ-rpz0XilkL725n4NRySW4XeBvcxjtHu3HwWP2HZA-bEEwJWl0raTwXklrqhnRn5-bFvhvmjEfIwlRMT4CHjALczTq-7_nujd16kr8Y7CSWTSpnh2_TldZpOUEO5_xeJiJn8dNHmtc.rhIB9yeusFXr4FRXLbQ9XVF9i-SttbhuUFUREsixWvA&dib_tag=se&keywords=storage+organization&qid=1760860664&s=kitchen&sr=1-4
"HomeWiz Multi-Purpose 360° Rotating Organizer Tray | Space-Saving Kitchen & Pantry Storage | Multi Purpose Organization Rotating Tray | Easy-Access Turntable for Spices, Storage & More | White",B0CXJCT621,99,HomeWiz,4.0,224 ratings,https://www.amazon.in/HomeWiz-Multi-Purpose-Rotating-Organizer-Cosmetics/dp/B0CXJCT621/ref=sr_1_5?dib=eyJ2IjoiMSJ9.D98BpsI-osjrT5M0RAjMdVs3dcCQ5t9fkaD6_UZ4tMKQvbuBsKqEbOWgcl79RC8ZKftLJlpJm1w_U9DnUIVMvsvJ3WVblNdPYE7e4ErKLvYAfwRaJ9DI8cwauzkAv2ddlAAeABgl1TcSgEKquSbZs4oOEvz2noGPrQ-rpz0XilkL725n4NRySW4XeBvcxjtHu3HwWP2HZA-bEEwJWl0raTwXklrqhnRn5-bFvhvmjEfIwlRMT4CHjALczTq-7_nujd16kr8Y7CSWTSpnh2_TldZpOUEO5_xeJiJn8dNHmtc.rhIB9yeusFXr4FRXLbQ9XVF9i-SttbhuUFUREsixWvA&dib_tag=se&keywords=storage+organization&qid=1760860664&s=kitchen&sr=1-5
"KRYLAR-4 pcs Socks Underwear Storage Boxes,Household Compartment Clothes Organizer,Cloth Dividers for Underwear, Socks, Bras - Space-Saving Wardrobe Storage Solution-For Home Organization (multicolor)",B0DRYKCLYN,299,KRYLAR,4.0,81 ratings,https://www.amazon.in/Underwear-Household-Compartment-Organizer-Solution/dp/B0DRYKCLYN/ref=sr_1_6?dib=eyJ2IjoiMSJ9.D98BpsI-osjrT5M0RAjMdVs3dcCQ5t9fkaD6_UZ4tMKQvbuBsKqEbOWgcl79RC8ZKftLJlpJm1w_U9DnUIVMvsvJ3WVblNdPYE7e4ErKLvYAfwRaJ9DI8cwauzkAv2ddlAAeABgl1TcSgEKquSbZs4oOEvz2noGPrQ-rpz0XilkL725n4NRySW4XeBvcxjtHu3HwWP2HZA-bEEwJWl0raTwXklrqhnRn5-bFvhvmjEfIwlRMT4CHjALczTq-7_nujd16kr8Y7CSWTSpnh2_TldZpOUEO5_xeJiJn8dNHmtc.rhIB9yeusFXr4FRXLbQ9XVF9i-SttbhuUFUREsixWvA&dib_tag=se&keywords=storage+organization&qid=1760860664&s=kitchen&sr=1-6
"PrettyKrafts L1113 Laundry Basket for Clothes, Toy Storage Box with Lid & Handles, Toy Storage Box, 75 LTR,Mushroom Print,White, Set of 1",B08D6RCM3Q,286,PrettyKrafts,4.0,"3,924 ratings",https://www.amazon.in/PrettyKrafts-Laundry-Clothes-Storage-Mushroom/dp/B08D6RCM3Q/ref=sr_1_7?dib=eyJ2IjoiMSJ9.D98BpsI-osjrT5M0RAjMdVs3dcCQ5t9fkaD6_UZ4tMKQvbuBsKqEbOWgcl79RC8ZKftLJlpJm1w_U9DnUIVMvsvJ3WVblNdPYE7e4ErKLvYAfwRaJ9DI8cwauzkAv2ddlAAeABgl1TcSgEKquSbZs4oOEvz2noGPrQ-rpz0XilkL725n4NRySW4XeBvcxjtHu3HwWP2HZA-bEEwJWl0raTwXklrqhnRn5-bFvhvmjEfIwlRMT4CHjALczTq-7_nujd16kr8Y7CSWTSpnh2_TldZpOUEO5_xeJiJn8dNHmtc.rhIB9yeusFXr4FRXLbQ9XVF9i-SttbhuUFUREsixWvA&dib_tag=se&keywords=storage+organization&qid=1760860664&s=kitchen&sr=1-7
"Dimore Broom Mop Holder, Modern Wall Mounted Heavy Duty Stainless Steel Storage Rack Organization Tools, Kitchen Garden Garage Or Bathroom Organization. (PACK OF 1.)",B0D1ML49T2,95,N/A,3.7,288 ratings,https://www.amazon.in/Dimore-Organization-Organization-PACK-1/dp/B0D1ML49T2/ref=sr_1_8?dib=eyJ2IjoiMSJ9.D98BpsI-osjrT5M0RAjMdVs3dcCQ5t9fkaD6_UZ4tMKQvbuBsKqEbOWgcl79RC8ZKftLJlpJm1w_U9DnUIVMvsvJ3WVblNdPYE7e4ErKLvYAfwRaJ9DI8cwauzkAv2ddlAAeABgl1TcSgEKquSbZs4oOEvz2noGPrQ-rpz0XilkL725n4NRySW4XeBvcxjtHu3HwWP2HZA-bEEwJWl0raTwXklrqhnRn5-bFvhvmjEfIwlRMT4CHjALczTq-7_nujd16kr8Y7CSWTSpnh2_TldZpOUEO5_xeJiJn8dNHmtc.rhIB9yeusFXr4FRXLbQ9XVF9i-SttbhuUFUREsixWvA&dib_tag=se&keywords=storage+organization&qid=1760860664&s=kitchen&sr=1-8
LAXIS® Saree Covers With Zip Non-Woven Printed Saree Cover/Saree Organizer For Wardrobe/Cloth Storage With Transparent Window/Saree Bags Storage/Clothes Organizer (Black- Pack of 3),B0CC33Q4NM,169,LAXIS,4.1,"3,066 ratings",https://www.amazon.in/LAXIS-Non-Woven-Moisture-Organiser-Size-45x33-5x22cm/dp/B0CC33Q4NM/ref=sr_1_9?dib=eyJ2IjoiMSJ9.D98BpsI-osjrT5M0RAjMdVs3dcCQ5t9fkaD6_UZ4tMKQvbuBsKqEbOWgcl79RC8ZKftLJlpJm1w_U9DnUIVMvsvJ3WVblNdPYE7e4ErKLvYAfwRaJ9DI8cwauzkAv2ddlAAeABgl1TcSgEKquSbZs4oOEvz2noGPrQ-rpz0XilkL725n4NRySW4XeBvcxjtHu3HwWP2HZA-bEEwJWl0raTwXklrqhnRn5-bFvhvmjEfIwlRMT4CHjALczTq-7_nujd16kr8Y7CSWTSpnh2_TldZpOUEO5_xeJiJn8dNHmtc.rhIB9yeusFXr4FRXLbQ9XVF9i-SttbhuUFUREsixWvA&dib_tag=se&keywords=storage+organization&qid=1760860664&s=kitchen&sr=1-9
"Xiran 6 Fridge Storage Boxes Fridge Organizer With Removable Drain Plate&Lid Stackable Fridge Storage Containers Plastic Freezer Storage Containers For Fish,Meat,Vegetables,Fruits(1500Ml),Transparent",B0BQZ25WQX,319,Xiran,4.2,"3,902 ratings",https://www.amazon.in/Xiran-Fridge-Organizer-Containers-Vegetables/dp/B0BQZ25WQX/ref=sr_1_10?dib=eyJ2IjoiMSJ9.D98BpsI-osjrT5M0RAjMdVs3dcCQ5t9fkaD6_UZ4tMKQvbuBsKqEbOWgcl79RC8ZKftLJlpJm1w_U9DnUIVMvsvJ3WVblNdPYE7e4ErKLvYAfwRaJ9DI8cwauzkAv2ddlAAeABgl1TcSgEKquSbZs4oOEvz2noGPrQ-rpz0XilkL725n4NRySW4XeBvcxjtHu3HwWP2HZA-bEEwJWl0raTwXklrqhnRn5-bFvhvmjEfIwlRMT4CHjALczTq-7_nujd16kr8Y7CSWTSpnh2_TldZpOUEO5_xeJiJn8dNHmtc.rhIB9yeusFXr4FRXLbQ9XVF9i-SttbhuUFUREsixWvA&dib_tag=se&keywords=storage+organization&qid=1760860664&s=kitchen&sr=1-10
CR18 COLLECTION Heavy Big Size 2-Layer Stainless Steel Spice Rack | Modular kitchen Storage Organizer | Multipurpose Space Saver Rack for Efficient kitchen Organization,B0BHNMMGZM,259,N/A,4.0,415 ratings,https://www.amazon.in/CR18-COLLECTION-Stainless-Organizer-Multipurpose/dp/B0BHNMMGZM/ref=sr_1_11?dib=eyJ2IjoiMSJ9.D98BpsI-osjrT5M0RAjMdVs3dcCQ5t9fkaD6_UZ4tMKQvbuBsKqEbOWgcl79RC8ZKftLJlpJm1w_U9DnUIVMvsvJ3WVblNdPYE7e4ErKLvYAfwRaJ9DI8cwauzkAv2ddlAAeABgl1TcSgEKquSbZs4oOEvz2noGPrQ-rpz0XilkL725n4NRySW4XeBvcxjtHu3HwWP2HZA-bEEwJWl0raTwXklrqhnRn5-bFvhvmjEfIwlRMT4CHjALczTq-7_nujd16kr8Y7CSWTSpnh2_TldZpOUEO5_xeJiJn8dNHmtc.rhIB9yeusFXr4FRXLbQ9XVF9i-SttbhuUFUREsixWvA&dib_tag=se&keywords=storage+organization&qid=1760860664&s=kitchen&sr=1-11
"SATVIKAYA Air Tight Plastic Storage Containers Set for Kitchen | Pantry Organizers Kitchen Accessories Items,Fridge Storage Boxes | Leak-Proof, Durable, and Space-Saving (4, 2500ml) (1200 ML, 6)",B0DVLBTKPH,339,SATVIKAYA,4.0,"1,925 ratings",https://www.amazon.in/SATVIKAYA-Containers-Organizers-Accessories-Space-Saving/dp/B0DVLBTKPH/ref=sr_1_12?dib=eyJ2IjoiMSJ9.D98BpsI-osjrT5M0RAjMdVs3dcCQ5t9fkaD6_UZ4tMKQvbuBsKqEbOWgcl79RC8ZKftLJlpJm1w_U9DnUIVMvsvJ3WVblNdPYE7e4ErKLvYAfwRaJ9DI8cwauzkAv2ddlAAeABgl1TcSgEKquSbZs4oOEvz2noGPrQ-rpz0XilkL725n4NRySW4XeBvcxjtHu3HwWP2HZA-bEEwJWl0raTwXklrqhnRn5-bFvhvmjEfIwlRMT4CHjALczTq-7_nujd16kr8Y7CSWTSpnh2_TldZpOUEO5_xeJiJn8dNHmtc.rhIB9yeusFXr4FRXLbQ9XVF9i-SttbhuUFUREsixWvA&dib_tag=se&keywords=storage+organization&qid=1760860664&s=kitchen&sr=1-12
"HomeCloud Folding Storage Box with Lid, Large Clear Collapsible Stackable Storage Box with Wheels, Foldable Plastic Storage Bins for Organizer (L47cm x W35 x H24cm) (Medium, Orange)",B0C5XKZ3L8,"1,879",HomeCloud,4.0,138 ratings,https://aax-eu-zaz.amazon.in/x/c/JGBtk727-SEoMJXFhAhN980AAAGZ-3lynAoAAAH2AQBvbm9fdHhuX2JpZDEgICBvbm9fdHhuX2ltcDEgICDrcDld/clv1_CEuOPUxokZA0iHrVa8h3_zzaXi1aabUqsJw42BenrLhn8X8AmHrrCv018HHz9hvVjq0yzpNb3X7OfU0yAmcANmc5Cz-bCJfSKE4SYkpOZnCMR91uhEfB8IkGXCQ9UuW6XJeXalC7rdIQEQQ8kV_3ZVhXLA8QC8x8H15tWbp4Xgyay_2WjkwrSxutOI2vKbYuDzUcfMyagcpNBHhtJZhsefQQh8yliMIIKin6O61_zAYOsoJhkeWuV2gvjBmW5lJBN2PMN-SRnR9AjX0lL9xFahCwdXiTzSjwM7ue27q1aKUYZWaP1aK1xkuNcA7FBIOT3_cq0eVrbNPflqTkBeiKKfd22eNIfARoo_UT9fJZKqd6xkpqKBeZ1SWr3JYqfnqDdhxLjmOcuEwhtBDYLemvWFYDfarZhPBne-wSBml9tlZkUux_rAVrRF9I0bxcInIFH-Gzc_r6mO-bWyVNaReipMUTeUmOk2OYfChiJ4snkeH1E39g8pKg8xPmTmFjVYOMr_VkwTthKoxWmj2Ajw-85x_bWgR-Y2A4Ly61XW_0GbfWKhOMGTd0mEAZAg3OfkfrU_0Pj89oQgyJhpZTgsU3XVSZOi98lgp6zP47jZipuW8Vvb-f_ZYgVnHu5zjScpWFM2scS8o1ABhn481pGcxshxxA24nSOCQlangkutYn4KYoInwOYCeFl2BChQzjAcB04FwGjnZp9co6_94MMSiDEGdFzbHnN9_O3vzyC3RRKS7-3TXfbddC7DZU29otTv6up7NcMhLTn2TR5RPMYAbeH3RllibLAkpWt8pDeNEBQSWC8nkvH_B8gRhjnKuSSVOtVuWyajNb6VDKpuVsRc5qk4SjjBlIj_6zD-assPGhvRiew27lxmkinlHmgW-yqgrF1fkpqcEnsiXfH_sdL94sEdC97OOY4BhbMiA5NFrIogb-lANZI3EvOHV1Vjj56EOnoSqbZubf1aWVrtXC0DCwXL5UPr-BaYP0w22xVShvF-kNGDFTY1d8Sp-O6DHjIkw3ASW2ystL7jEyfrM88b-R5zs-oh1BEMu2iEJd8KdvkCJVDmSCctqMGyjlWIV6IOx4MmysROyWIBgmSJuTAY-mpPzteibb2IltS9kBBCl0AO2mCnz5WuVXh3tbN_6TkuHtkswUZPz8kDcYHsxIiEcjS0Eufc7AG3byLJgFtKPjk7OxtSeR8C7_0-8FgjlVfPAdJ329K2nH61K4RxYphwP4O4GGzexBvqYQ-jqj2qJPF0XzMmZtRl28xTXlskkYIaz-WqgTv-u5RXveSJNcToklknki_Z9Zj4iI-wqgqUepALWjY-xFc5zR6-grjzqr7KAXCKoNTS__x0bmqOguZUYXyYG14YU6-XR1AsNkAfRWiKowyVW8JFa9uIeVM3mNf5NPDB7iek_ycxrYXiZFcICbbJuepRyUEFN2-4U0n_DomVhaQjVX7a08OfIvJG_fLzCfrHYzDXzitOPblhbGDiPRT0_myTOMf-1q4KUS-s4Gy0I_q13gJFKtHnh614kxn9jZtHXRRDFMQvx4JKPnZNUdADL0ru3kMnDaGWiJdoIAvMKqyfzKw7qFTJJKO-U4sMVEXJnzF1C18K7tRNXqIkMEYhUQ3NTx17hyzp3EqXTM7t6RcHPGKgqblThQiW1cVbeWU3bzNkPb8rxPDXSzrSZC3fQRTS-7dUEZGPJVmOshX969Le1_gZfmHCE08-iGsvbnneZ-WfSbgCt_u2KL7IgnESPzxwlhoQOiiplANQifyF6VhdfYwsw2Usde5HrcFPwlk9AYySXkkotzc8hfQ4pj31U4OeLlyHLWKPSUJzbEn821Tqi61p4H794XT82SsPBXkQAXZvdFGbwQ_d3wFCjKM5HHjKh0Y_ueSJpaRDE3jkZNzOrraLK9rFp5d72kyNcws9z0cw9xg5OB8zd1aibIT_aesABV19I4D-ztsZE6nUYzbTRo_svCX4l86i65ShZFnITsY2Q6H_Xv15Gwb6KuJ1LbuOJiMGuDZL0zHyPPEe_aPyg5S92EXrzzt0XB80xjBY5KCzxeZNBI_G1gp6nispGogtd_MqN7-Wro6QzqyDFv8Wfg-K7Ml8FECYPM62Vk1Tmai7K_5KM6VHP3VTrmdzFyR975nImJYvoOlQ0ZCr64BcZtVnKLM6AxhIY3u0zkVj8sjD4vLXNFIB6tNRn9-jGEC9W-0jZ2kEfeAtIKBK48KJaqBN2QHO9APHZfHGBnj4WaN63kvZze5I51QJki68mn6NZMnEAc6-vyNFR25MYkPaUSeDoltukyBoCd66VvP3C9YKWolX_elUxXUuPeMsCNEXdTgNPd5hW3e-uC-i4L2Mk/https://www.amazon.in/HomeCloud-Storage-Collapsible-Stackable-Organizer/dp/B0C5XKZ3L8/ref=sxin_25_sbv_search_btf?content-id=amzn1.sym.7f127af2-01e9-4e9a-857b-f7f598682cc6%3Aamzn1.sym.7f127af2-01e9-4e9a-857b-f7f598682cc6&cv_ct_cx=storage+organization&keywords=storage+organization&pd_rd_i=B0C5XKZ3L8&pd_rd_r=2aea4a6b-3ffb-482f-a5c8-3d38acc3ae61&pd_rd_w=SOuw0&pd_rd_wg=xelYa&pf_rd_p=7f127af2-01e9-4e9a-857b-f7f598682cc6&pf_rd_r=8TSZKTCQ37AG2VJ5QNF3&qid=1760860664&s=kitchen&sbo=RZvfv%2F%2FHxDF%2BO5021pAnSA%3D%3D&sr=1-1-9131241a-a358-4619-a7b8-0f5a65d91d81
"Satpurush Fridge Storage Boxes (Pack of 6) Freezer & Refrigerator Organizer Containers Kitchen Storage Container Set Kitchen Accessories Items for Home 1200 ml Food Storage Box, Plastic, White",B0DZT3QQ59,288,Satpurush,4.3,"1,783 ratings",https://www.amazon.in/Satpurush-Refrigerator-Organizer-Containers-Accessories/dp/B0DZT3QQ59/ref=sr_1_16?dib=eyJ2IjoiMSJ9.D98BpsI-osjrT5M0RAjMdVs3dcCQ5t9fkaD6_UZ4tMKQvbuBsKqEbOWgcl79RC8ZKftLJlpJm1w_U9DnUIVMvsvJ3WVblNdPYE7e4ErKLvYAfwRaJ9DI8cwauzkAv2ddlAAeABgl1TcSgEKquSbZs4oOEvz2noGPrQ-rpz0XilkL725n4NRySW4XeBvcxjtHu3HwWP2HZA-bEEwJWl0raTwXklrqhnRn5-bFvhvmjEfIwlRMT4CHjALczTq-7_nujd16kr8Y7CSWTSpnh2_TldZpOUEO5_xeJiJn8dNHmtc.rhIB9yeusFXr4FRXLbQ9XVF9i-SttbhuUFUREsixWvA&dib_tag=se&keywords=storage+organization&qid=1760860664&s=kitchen&sr=1-16
"TEX-RO Storage Box and Organiser | Storage Organiser | Organizer Storage Box for Home & Kitchen | Durable Storage Basket & Plastic Basket for Storage (Pack of 2, White)",B0DXK6R9SJ,138,TEX-RO,4.2,351 ratings,https://www.amazon.in/TEX-RO-Storage-Organiser-Organizer-Kitchen/dp/B0DXK6R9SJ/ref=sr_1_17?dib=eyJ2IjoiMSJ9.D98BpsI-osjrT5M0RAjMdVs3dcCQ5t9fkaD6_UZ4tMKQvbuBsKqEbOWgcl79RC8ZKftLJlpJm1w_U9DnUIVMvsvJ3WVblNdPYE7e4ErKLvYAfwRaJ9DI8cwauzkAv2ddlAAeABgl1TcSgEKquSbZs4oOEvz2noGPrQ-rpz0XilkL725n4NRySW4XeBvcxjtHu3HwWP2HZA-bEEwJWl0raTwXklrqhnRn5-bFvhvmjEfIwlRMT4CHjALczTq-7_nujd16kr8Y7CSWTSpnh2_TldZpOUEO5_xeJiJn8dNHmtc.rhIB9yeusFXr4FRXLbQ9XVF9i-SttbhuUFUREsixWvA&dib_tag=se&keywords=storage+organization&qid=1760860664&s=kitchen&sr=1-17
"JIALTO 6-Piece Acrylic Drawer Organizer Tray Set – Non-Slip, Stackable Storage Box for Makeup, Dressing Table, Kitchen Drawer, Bathroom, Office, Vanity & Cosmetic Organization (Transparent, 9""x6""x2"")",B0CS6RFNH5,589,JIALTO,4.2,"2,737 ratings",https://www.amazon.in/JIALTO-6-Piece-Acrylic-Drawer-Organizer/dp/B0CS6RFNH5/ref=sr_1_18?dib=eyJ2IjoiMSJ9.D98BpsI-osjrT5M0RAjMdVs3dcCQ5t9fkaD6_UZ4tMKQvbuBsKqEbOWgcl79RC8ZKftLJlpJm1w_U9DnUIVMvsvJ3WVblNdPYE7e4ErKLvYAfwRaJ9DI8cwauzkAv2ddlAAeABgl1TcSgEKquSbZs4oOEvz2noGPrQ-rpz0XilkL725n4NRySW4XeBvcxjtHu3HwWP2HZA-bEEwJWl0raTwXklrqhnRn5-bFvhvmjEfIwlRMT4CHjALczTq-7_nujd16kr8Y7CSWTSpnh2_TldZpOUEO5_xeJiJn8dNHmtc.rhIB9yeusFXr4FRXLbQ9XVF9i-SttbhuUFUREsixWvA&dib_tag=se&keywords=storage+organization&qid=1760860664&s=kitchen&sr=1-18
"TEX-RO Air Tight Container For Fridge Organizer Plastic Container Storage Set Fridge Storage Boxes, Kitchen Accessories Set Organization & Kitchen Storage (Set of 2, polyethylene Terephthalate)",B0BQWMKBPS,329,TEX-RO,4.2,734 ratings,https://www.amazon.in/TEX-RO-Fridge-Set-Organization-Terephthalate/dp/B0BQWMKBPS/ref=sr_1_19?dib=eyJ2IjoiMSJ9.D98BpsI-osjrT5M0RAjMdVs3dcCQ5t9fkaD6_UZ4tMKQvbuBsKqEbOWgcl79RC8ZKftLJlpJm1w_U9DnUIVMvsvJ3WVblNdPYE7e4ErKLvYAfwRaJ9DI8cwauzkAv2ddlAAeABgl1TcSgEKquSbZs4oOEvz2noGPrQ-rpz0XilkL725n4NRySW4XeBvcxjtHu3HwWP2HZA-bEEwJWl0raTwXklrqhnRn5-bFvhvmjEfIwlRMT4CHjALczTq-7_nujd16kr8Y7CSWTSpnh2_TldZpOUEO5_xeJiJn8dNHmtc.rhIB9yeusFXr4FRXLbQ9XVF9i-SttbhuUFUREsixWvA&dib_tag=se&keywords=storage+organization&qid=1760860664&s=kitchen&sr=1-19
"Storite 2 Pack Nylon Wardrobe Bag Underbed Moisture Proof Cloth Storage Organizer, Storage box for Clothes Saree Bags with Zippered Closure & Handle (Magenta, 37x34x23 cm) Square",B07QRQZK1G,345,Storite,4.0,"10,687 ratings",https://www.amazon.in/Storite-Pack-Wardrobe-Organizer-Magenta/dp/B07QRQZK1G/ref=sr_1_20?dib=eyJ2IjoiMSJ9.D98BpsI-osjrT5M0RAjMdVs3dcCQ5t9fkaD6_UZ4tMKQvbuBsKqEbOWgcl79RC8ZKftLJlpJm1w_U9DnUIVMvsvJ3WVblNdPYE7e4ErKLvYAfwRaJ9DI8cwauzkAv2ddlAAeABgl1TcSgEKquSbZs4oOEvz2noGPrQ-rpz0XilkL725n4NRySW4XeBvcxjtHu3HwWP2HZA-bEEwJWl0raTwXklrqhnRn5-bFvhvmjEfIwlRMT4CHjALczTq-7_nujd16kr8Y7CSWTSpnh2_TldZpOUEO5_xeJiJn8dNHmtc.rhIB9yeusFXr4FRXLbQ9XVF9i-SttbhuUFUREsixWvA&dib_tag=se&keywords=storage+organization&qid=1760860664&s=kitchen&sr=1-20
"TEX-RO Storage Box and Organisers - Multi-Purpose Plastic Box for Storage Organiser Box for Home and Office - Durable Organizer Storage Box and Stationary Organizers Box (Set of 3, Multi-Color)",B0DSKK7CZX,279,TEX-RO,3.9,492 ratings,https://www.amazon.in/TEX-RO-Storage-Box-Organisers-Multi-Purpose/dp/B0DSKK7CZX/ref=sr_1_21?dib=eyJ2IjoiMSJ9.D98BpsI-osjrT5M0RAjMdVs3dcCQ5t9fkaD6_UZ4tMKQvbuBsKqEbOWgcl79RC8ZKftLJlpJm1w_U9DnUIVMvsvJ3WVblNdPYE7e4ErKLvYAfwRaJ9DI8cwauzkAv2ddlAAeABgl1TcSgEKquSbZs4oOEvz2noGPrQ-rpz0XilkL725n4NRySW4XeBvcxjtHu3HwWP2HZA-bEEwJWl0raTwXklrqhnRn5-bFvhvmjEfIwlRMT4CHjALczTq-7_nujd16kr8Y7CSWTSpnh2_TldZpOUEO5_xeJiJn8dNHmtc.rhIB9yeusFXr4FRXLbQ9XVF9i-SttbhuUFUREsixWvA&dib_tag=se&keywords=storage+organization&qid=1760860664&s=kitchen&sr=1-21
"RUBOXA 25 pcs Set Multiple Drawer Organizer Plastic Drawer Organizers for Home Organization and Storage, Organizer Bins, Small Organizer Bins, for Bathroom, Kitchen, Vanity & Office [ 25 pcs Set ]",B0B5FHSWKT,899,RUBOXA,4.5,"5,062 ratings",https://www.amazon.in/Multiple-Drawer-Organizer-Organizers-Organization/dp/B0B5FHSWKT/ref=sr_1_22?dib=eyJ2IjoiMSJ9.D98BpsI-osjrT5M0RAjMdVs3dcCQ5t9fkaD6_UZ4tMKQvbuBsKqEbOWgcl79RC8ZKftLJlpJm1w_U9DnUIVMvsvJ3WVblNdPYE7e4ErKLvYAfwRaJ9DI8cwauzkAv2ddlAAeABgl1TcSgEKquSbZs4oOEvz2noGPrQ-rpz0XilkL725n4NRySW4XeBvcxjtHu3HwWP2HZA-bEEwJWl0raTwXklrqhnRn5-bFvhvmjEfIwlRMT4CHjALczTq-7_nujd16kr8Y7CSWTSpnh2_TldZpOUEO5_xeJiJn8dNHmtc.rhIB9yeusFXr4FRXLbQ9XVF9i-SttbhuUFUREsixWvA&dib_tag=se&keywords=storage+organization&qid=1760860664&s=kitchen&sr=1-22
House of Quirk Stackable Collapsible Storage Boxes with Wheels and Doors – Versatile Plastic Containers for Home Organization 4 Layer 40cm (White),B0D91XZ9JD,"2,655",House of Quirk,3.7,198 ratings,https://www.amazon.in/House-Quirk-Stackable-Collapsible-Storage/dp/B0D91XZ9JD/ref=sr_1_23?dib=eyJ2IjoiMSJ9.D98BpsI-osjrT5M0RAjMdVs3dcCQ5t9fkaD6_UZ4tMKQvbuBsKqEbOWgcl79RC8ZKftLJlpJm1w_U9DnUIVMvsvJ3WVblNdPYE7e4ErKLvYAfwRaJ9DI8cwauzkAv2ddlAAeABgl1TcSgEKquSbZs4oOEvz2noGPrQ-rpz0XilkL725n4NRySW4XeBvcxjtHu3HwWP2HZA-bEEwJWl0raTwXklrqhnRn5-bFvhvmjEfIwlRMT4CHjALczTq-7_nujd16kr8Y7CSWTSpnh2_TldZpOUEO5_xeJiJn8dNHmtc.rhIB9yeusFXr4FRXLbQ9XVF9i-SttbhuUFUREsixWvA&dib_tag=se&keywords=storage+organization&qid=1760860664&s=kitchen&sr=1-23
"Panchhi Store Wardrobe Organizer with Metal Frame Rectangle Storage Baskets for Clothing Fabric Organiser with Handles Cloth Organizer for Storage Pants Jeans Sweater Pack of 6,Grey",B0CRVRGQ6L,"1,149",Panchhi Store,4.2,929 ratings,https://www.amazon.in/Panchhi-Store-Wardrobe-Organizer-Rectangle/dp/B0CRVRGQ6L/ref=sr_1_24?dib=eyJ2IjoiMSJ9.D98BpsI-osjrT5M0RAjMdVs3dcCQ5t9fkaD6_UZ4tMKQvbuBsKqEbOWgcl79RC8ZKftLJlpJm1w_U9DnUIVMvsvJ3WVblNdPYE7e4ErKLvYAfwRaJ9DI8cwauzkAv2ddlAAeABgl1TcSgEKquSbZs4oOEvz2noGPrQ-rpz0XilkL725n4NRySW4XeBvcxjtHu3HwWP2HZA-bEEwJWl0raTwXklrqhnRn5-bFvhvmjEfIwlRMT4CHjALczTq-7_nujd16kr8Y7CSWTSpnh2_TldZpOUEO5_xeJiJn8dNHmtc.rhIB9yeusFXr4FRXLbQ9XVF9i-SttbhuUFUREsixWvA&dib_tag=se&keywords=storage+organization&qid=1760860664&s=kitchen&sr=1-24
"ATAGS Foldable Fabric Storage Box with Lid & Handles | Large Collapsible Organizer Bin for Clothes, Toys, Books & Blanket | Dual Lid Storage Basket for Wardrobe, Closet, Bedroom & Home Organization",B0FJ24CLTG,449,ATAGS,4.0,6 ratings,https://www.amazon.in/ATAGS-Foldable-Collapsible-Organizer-Organization/dp/B0FJ24CLTG/ref=sr_1_25?dib=eyJ2IjoiMSJ9.D98BpsI-osjrT5M0RAjMdVs3dcCQ5t9fkaD6_UZ4tMKQvbuBsKqEbOWgcl79RC8ZKftLJlpJm1w_U9DnUIVMvsvJ3WVblNdPYE7e4ErKLvYAfwRaJ9DI8cwauzkAv2ddlAAeABgl1TcSgEKquSbZs4oOEvz2noGPrQ-rpz0XilkL725n4NRySW4XeBvcxjtHu3HwWP2HZA-bEEwJWl0raTwXklrqhnRn5-bFvhvmjEfIwlRMT4CHjALczTq-7_nujd16kr8Y7CSWTSpnh2_TldZpOUEO5_xeJiJn8dNHmtc.rhIB9yeusFXr4FRXLbQ9XVF9i-SttbhuUFUREsixWvA&dib_tag=se&keywords=storage+organization&qid=1760860664&s=kitchen&sr=1-25
DAREV 4 Pcs Wardrobe Organizer for Clothes with Metal Frame Rectangle Storage Baskets for Clothing Fabric Storage Box with Handles Shelf Basket for Storage Clothes Pants Jeans Sweater (Grey),B0D3F7XWBH,679,DAREV,4.0,"1,128 ratings",https://www.amazon.in/DAREV-Wardrobe-Organizer-Rectangle-Clothing/dp/B0D3F7XWBH/ref=sr_1_26?dib=eyJ2IjoiMSJ9.D98BpsI-osjrT5M0RAjMdVs3dcCQ5t9fkaD6_UZ4tMKQvbuBsKqEbOWgcl79RC8ZKftLJlpJm1w_U9DnUIVMvsvJ3WVblNdPYE7e4ErKLvYAfwRaJ9DI8cwauzkAv2ddlAAeABgl1TcSgEKquSbZs4oOEvz2noGPrQ-rpz0XilkL725n4NRySW4XeBvcxjtHu3HwWP2HZA-bEEwJWl0raTwXklrqhnRn5-bFvhvmjEfIwlRMT4CHjALczTq-7_nujd16kr8Y7CSWTSpnh2_TldZpOUEO5_xeJiJn8dNHmtc.rhIB9yeusFXr4FRXLbQ9XVF9i-SttbhuUFUREsixWvA&dib_tag=se&keywords=storage+organization&qid=1760860664&s=kitchen&sr=1-26
"FLYNGO Foldable Steel Frame Clothes Organizer Storage Box for Wardrobe, Saree, Shirts, and Blankets (24 Ltr - Pack of 2)",B09S5LNLVR,698,FLYNGO,4.3,"2,227 ratings",https://www.amazon.in/FLYNGO-Foldable-Organizer-Wardrobe-Blankets/dp/B09S5LNLVR/ref=sr_1_27?dib=eyJ2IjoiMSJ9.D98BpsI-osjrT5M0RAjMdVs3dcCQ5t9fkaD6_UZ4tMKQvbuBsKqEbOWgcl79RC8ZKftLJlpJm1w_U9DnUIVMvsvJ3WVblNdPYE7e4ErKLvYAfwRaJ9DI8cwauzkAv2ddlAAeABgl1TcSgEKquSbZs4oOEvz2noGPrQ-rpz0XilkL725n4NRySW4XeBvcxjtHu3HwWP2HZA-bEEwJWl0raTwXklrqhnRn5-bFvhvmjEfIwlRMT4CHjALczTq-7_nujd16kr8Y7CSWTSpnh2_TldZpOUEO5_xeJiJn8dNHmtc.rhIB9yeusFXr4FRXLbQ9XVF9i-SttbhuUFUREsixWvA&dib_tag=se&keywords=storage+organization&qid=1760860664&s=kitchen&sr=1-27
"360° Rotating Makeup Organizer Box - Cosmetic Storage with Drawers, Plastic Makeup Holder Stand for Dressing Table, Lipsticks, Nail Polishes & Accessories (Gem Green, 2 layer)",B0DPG8323J,556,N/A,4.2,473 ratings,https://www.amazon.in/HOUSE-VIPA-Rotating-Makeup-Organizer/dp/B0DPG8323J/ref=sr_1_28?dib=eyJ2IjoiMSJ9.D98BpsI-osjrT5M0RAjMdVs3dcCQ5t9fkaD6_UZ4tMKQvbuBsKqEbOWgcl79RC8ZKftLJlpJm1w_U9DnUIVMvsvJ3WVblNdPYE7e4ErKLvYAfwRaJ9DI8cwauzkAv2ddlAAeABgl1TcSgEKquSbZs4oOEvz2noGPrQ-rpz0XilkL725n4NRySW4XeBvcxjtHu3HwWP2HZA-bEEwJWl0raTwXklrqhnRn5-bFvhvmjEfIwlRMT4CHjALczTq-7_nujd16kr8Y7CSWTSpnh2_TldZpOUEO5_xeJiJn8dNHmtc.rhIB9yeusFXr4FRXLbQ9XVF9i-SttbhuUFUREsixWvA&dib_tag=se&keywords=storage+organization&qid=1760860664&s=kitchen&sr=1-28
Tusmad Expanding Cookware Organizer Space Saving Storage For Pan Lids Baking Trays Pot & Pan Organizers Countertop Rack Pot Lid Organizers Pot Racks Pot Holder Stainless Steel Adjustable Dividers,B0DJBTXYNS,799,N/A,4.4,110 ratings,https://www.amazon.in/Tusmad-Expanding-Organizer-Organizers-Adjustable/dp/B0DJBTXYNS/ref=sr_1_29?dib=eyJ2IjoiMSJ9.D98BpsI-osjrT5M0RAjMdVs3dcCQ5t9fkaD6_UZ4tMKQvbuBsKqEbOWgcl79RC8ZKftLJlpJm1w_U9DnUIVMvsvJ3WVblNdPYE7e4ErKLvYAfwRaJ9DI8cwauzkAv2ddlAAeABgl1TcSgEKquSbZs4oOEvz2noGPrQ-rpz0XilkL725n4NRySW4XeBvcxjtHu3HwWP2HZA-bEEwJWl0raTwXklrqhnRn5-bFvhvmjEfIwlRMT4CHjALczTq-7_nujd16kr8Y7CSWTSpnh2_TldZpOUEO5_xeJiJn8dNHmtc.rhIB9yeusFXr4FRXLbQ9XVF9i-SttbhuUFUREsixWvA&dib_tag=se&keywords=storage+organization&qid=1760860664&s=kitchen&sr=1-29
"Xiran Unbreakable Containers for Kitchen Storage Set, Kitchen Containers Set, Kitchen Organizer Storage Set, Kitchen Accessories Items, Pantry Organization and Kitchen Storage (500Ml Black Set of 12)",B0CPLQ7T3Z,439,Xiran,4.2,288 ratings,https://www.amazon.in/Xiran-Containers-Organization-500Ml-Black/dp/B0CPLQ7T3Z/ref=sr_1_30?dib=eyJ2IjoiMSJ9.D98BpsI-osjrT5M0RAjMdVs3dcCQ5t9fkaD6_UZ4tMKQvbuBsKqEbOWgcl79RC8ZKftLJlpJm1w_U9DnUIVMvsvJ3WVblNdPYE7e4ErKLvYAfwRaJ9DI8cwauzkAv2ddlAAeABgl1TcSgEKquSbZs4oOEvz2noGPrQ-rpz0XilkL725n4NRySW4XeBvcxjtHu3HwWP2HZA-bEEwJWl0raTwXklrqhnRn5-bFvhvmjEfIwlRMT4CHjALczTq-7_nujd16kr8Y7CSWTSpnh2_TldZpOUEO5_xeJiJn8dNHmtc.rhIB9yeusFXr4FRXLbQ9XVF9i-SttbhuUFUREsixWvA&dib_tag=se&keywords=storage+organization&qid=1760860664&s=kitchen&sr=1-30
"Skrill 4-Piece Foldable Cloth Storage Box Set | Cube Baskets, Bins & Dividers for Closet & Dresser Drawer Organization with Zipper, for Clothes, Toys, Kitchen Items, Sewing, & Medicines - Black",B0F6LPF6PC,219,Skrill,3.9,5 ratings,https://www.amazon.in/Skrill-Foldable-Dividers-Organization-Medicines/dp/B0F6LPF6PC/ref=sr_1_28?dib=eyJ2IjoiMSJ9.jnhL49mVk9TxyJM85EGO1RHjjsZMgbXEeBcYcYDtlEjGdjv_7SSlktHhJ6ecPxSTpjN27EpPkSiedEyMiMrrCQ7_nbP2kl2mgCRQ-nnFQlmbJrxH9gjchqjbGUKWJRPvPSlWkE0nqDcVgMELkHv5zAUNLSIPOXbnJI4YgKkd3m6VInZDBtzHmIlgmVtzIexD98NZBufsntMbFoMakJTBRTGLuO9Pf9jQgtdxiqpXhauxbQcLO7UTz-neO5f0Y4rjpIHUcxsYQPGZ86DX0guGTjFGGvocOPhizkOC5cGSzZI.Kv3zz1Hg9hk2bvRAY7ImwF_YnHij3l65s1GIs2QPhOA&dib_tag=se&keywords=storage+organization&qid=1760860670&s=kitchen&sr=1-28&xpid=_CZF_V-KWnrIo
"Non-woven Printed Storage Bags [3 Pack/100L] Large Blanket Clothes Organization and Storage Containers for Comforters, Bedding, Foldable Organizer, Grey, Non-Woven Fabric",B0FDBKZZ8Z,258,Generic,3.8,10 ratings,https://www.amazon.in/Non-woven-Organization-Containers-Comforters-Organizer/dp/B0FDBKZZ8Z/ref=sr_1_29?dib=eyJ2IjoiMSJ9.jnhL49mVk9TxyJM85EGO1RHjjsZMgbXEeBcYcYDtlEjGdjv_7SSlktHhJ6ecPxSTpjN27EpPkSiedEyMiMrrCQ7_nbP2kl2mgCRQ-nnFQlmbJrxH9gjchqjbGUKWJRPvPSlWkE0nqDcVgMELkHv5zAUNLSIPOXbnJI4YgKkd3m6VInZDBtzHmIlgmVtzIexD98NZBufsntMbFoMakJTBRTGLuO9Pf9jQgtdxiqpXhauxbQcLO7UTz-neO5f0Y4rjpIHUcxsYQPGZ86DX0guGTjFGGvocOPhizkOC5cGSzZI.Kv3zz1Hg9hk2bvRAY7ImwF_YnHij3l65s1GIs2QPhOA&dib_tag=se&keywords=storage+organization&qid=1760860670&s=kitchen&sr=1-29&xpid=_CZF_V-KWnrIo
"HomeWiz Multi-Purpose 360° Rotating Organizer Tray | Space-Saving Kitchen & Pantry Storage | Multi Purpose Organization Rotating Tray | Easy-Access Turntable for Spices, Storage & More | Black",B0CX1Y4JQK,99,HomeWiz,4.2,768 ratings,https://www.amazon.in/HomeWiz-Multi-Purpose-Rotating-Organizer-Cosmetics/dp/B0CX1Y4JQK/ref=sr_1_30?dib=eyJ2IjoiMSJ9.jnhL49mVk9TxyJM85EGO1RHjjsZMgbXEeBcYcYDtlEjGdjv_7SSlktHhJ6ecPxSTpjN27EpPkSiedEyMiMrrCQ7_nbP2kl2mgCRQ-nnFQlmbJrxH9gjchqjbGUKWJRPvPSlWkE0nqDcVgMELkHv5zAUNLSIPOXbnJI4YgKkd3m6VInZDBtzHmIlgmVtzIexD98NZBufsntMbFoMakJTBRTGLuO9Pf9jQgtdxiqpXhauxbQcLO7UTz-neO5f0Y4rjpIHUcxsYQPGZ86DX0guGTjFGGvocOPhizkOC5cGSzZI.Kv3zz1Hg9hk2bvRAY7ImwF_YnHij3l65s1GIs2QPhOA&dib_tag=se&keywords=storage+organization&qid=1760860670&s=kitchen&sr=1-30&xpid=_CZF_V-KWnrIo
"Clazkit Air Tight Modular Containers Storage Set For Kitchen, Pantry Organization, Bpa-Free, Dishwasher Safe (Pack Of 6, Black, 500 ml, Plastic)",B0D9M4V3JJ,247,Clazkit,4.1,304 ratings,https://www.amazon.in/Clazkit-Containers-Organization-Bpa-Free-Dishwasher/dp/B0D9M4V3JJ/ref=sr_1_31?dib=eyJ2IjoiMSJ9.jnhL49mVk9TxyJM85EGO1RHjjsZMgbXEeBcYcYDtlEjGdjv_7SSlktHhJ6ecPxSTpjN27EpPkSiedEyMiMrrCQ7_nbP2kl2mgCRQ-nnFQlmbJrxH9gjchqjbGUKWJRPvPSlWkE0nqDcVgMELkHv5zAUNLSIPOXbnJI4YgKkd3m6VInZDBtzHmIlgmVtzIexD98NZBufsntMbFoMakJTBRTGLuO9Pf9jQgtdxiqpXhauxbQcLO7UTz-neO5f0Y4rjpIHUcxsYQPGZ86DX0guGTjFGGvocOPhizkOC5cGSzZI.Kv3zz1Hg9hk2bvRAY7ImwF_YnHij3l65s1GIs2QPhOA&dib_tag=se&keywords=storage+organization&qid=1760860670&s=kitchen&sr=1-31&xpid=_CZF_V-KWnrIo
"PrettyKrafts 45L Non Woven Wave Printed Round Foldable Large Laundry Bag/Basket With Handle, Freestanding Cloth Storage Organizer for Bedroom, Bathroom (36x36x45cm, Black & White, Set of 1)",B07WW1DTZF,139,PrettyKrafts,4.0,"12,283 ratings",https://www.amazon.in/PrettyKrafts-Canvas-Laundry-Bag-Storage/dp/B07WW1DTZF/ref=sr_1_32?dib=eyJ2IjoiMSJ9.jnhL49mVk9TxyJM85EGO1RHjjsZMgbXEeBcYcYDtlEjGdjv_7SSlktHhJ6ecPxSTpjN27EpPkSiedEyMiMrrCQ7_nbP2kl2mgCRQ-nnFQlmbJrxH9gjchqjbGUKWJRPvPSlWkE0nqDcVgMELkHv5zAUNLSIPOXbnJI4YgKkd3m6VInZDBtzHmIlgmVtzIexD98NZBufsntMbFoMakJTBRTGLuO9Pf9jQgtdxiqpXhauxbQcLO7UTz-neO5f0Y4rjpIHUcxsYQPGZ86DX0guGTjFGGvocOPhizkOC5cGSzZI.Kv3zz1Hg9hk2bvRAY7ImwF_YnHij3l65s1GIs2QPhOA&dib_tag=se&keywords=storage+organization&qid=1760860670&s=kitchen&sr=1-32&xpid=_CZF_V-KWnrIo
"Storite 2 Pack Moisture Proof Nylon Large Size Underbed Storage Bag For Clothes (54 x 46 x 28 cm) - Black, Rectangular",B07B8K3RQK,478,Storite,4.4,"24,207 ratings",https://www.amazon.in/Storite-Pack-Big-Underbed-Moisture/dp/B07B8K3RQK/ref=sr_1_33?dib=eyJ2IjoiMSJ9.jnhL49mVk9TxyJM85EGO1RHjjsZMgbXEeBcYcYDtlEjGdjv_7SSlktHhJ6ecPxSTpjN27EpPkSiedEyMiMrrCQ7_nbP2kl2mgCRQ-nnFQlmbJrxH9gjchqjbGUKWJRPvPSlWkE0nqDcVgMELkHv5zAUNLSIPOXbnJI4YgKkd3m6VInZDBtzHmIlgmVtzIexD98NZBufsntMbFoMakJTBRTGLuO9Pf9jQgtdxiqpXhauxbQcLO7UTz-neO5f0Y4rjpIHUcxsYQPGZ86DX0guGTjFGGvocOPhizkOC5cGSzZI.Kv3zz1Hg9hk2bvRAY7ImwF_YnHij3l65s1GIs2QPhOA&dib_tag=se&keywords=storage+organization&qid=1760860670&s=kitchen&sr=1-33&xpid=_CZF_V-KWnrIo
"VOLTURI Fridge Storage Containers (Pack of 6), Fridge Organiser Storage Boxes with Removable Drain Plate, Lids, Stackable Organizer, Fridge Storage Box Keep Fruits, Vegetables Fresher, 1500 ML",B09SHN6916,349,VOLTURI,4.2,"7,910 ratings",https://www.amazon.in/VOLTURI-Fridge-Storage-Boxes-Vegetables/dp/B09SHN6916/ref=sr_1_34?dib=eyJ2IjoiMSJ9.jnhL49mVk9TxyJM85EGO1RHjjsZMgbXEeBcYcYDtlEjGdjv_7SSlktHhJ6ecPxSTpjN27EpPkSiedEyMiMrrCQ7_nbP2kl2mgCRQ-nnFQlmbJrxH9gjchqjbGUKWJRPvPSlWkE0nqDcVgMELkHv5zAUNLSIPOXbnJI4YgKkd3m6VInZDBtzHmIlgmVtzIexD98NZBufsntMbFoMakJTBRTGLuO9Pf9jQgtdxiqpXhauxbQcLO7UTz-neO5f0Y4rjpIHUcxsYQPGZ86DX0guGTjFGGvocOPhizkOC5cGSzZI.Kv3zz1Hg9hk2bvRAY7ImwF_YnHij3l65s1GIs2QPhOA&dib_tag=se&keywords=storage+organization&qid=1760860670&s=kitchen&sr=1-34&xpid=_CZF_V-KWnrIo
Kuber Industries 5-Layer & 48 Ltr Plastic Drawer Storage Organiser | Modular Kitchen & Toy Organizer For Kids Room | Chocolate Brown,B0DB811HYK,"1,068",Kuber Industries,3.8,"1,308 ratings",https://www.amazon.in/Kuber-Industries-Organiser-Organizer-Chocolate/dp/B0DB811HYK/ref=sr_1_35?dib=eyJ2IjoiMSJ9.jnhL49mVk9TxyJM85EGO1RHjjsZMgbXEeBcYcYDtlEjGdjv_7SSlktHhJ6ecPxSTpjN27EpPkSiedEyMiMrrCQ7_nbP2kl2mgCRQ-nnFQlmbJrxH9gjchqjbGUKWJRPvPSlWkE0nqDcVgMELkHv5zAUNLSIPOXbnJI4YgKkd3m6VInZDBtzHmIlgmVtzIexD98NZBufsntMbFoMakJTBRTGLuO9Pf9jQgtdxiqpXhauxbQcLO7UTz-neO5f0Y4rjpIHUcxsYQPGZ86DX0guGTjFGGvocOPhizkOC5cGSzZI.Kv3zz1Hg9hk2bvRAY7ImwF_YnHij3l65s1GIs2QPhOA&dib_tag=se&keywords=storage+organization&qid=1760860670&s=kitchen&sr=1-35&xpid=_CZF_V-KWnrIo
"VOLTURI Air Tight Kitchen Containers Set of 6, Kitchen Storage Box for Pulses, Cereals, Grains, Dry Fruits, Pantry Organization, Kitchen Accessories Items for Home, Food Grade (1200 ML, Transparent)",B0DK9NLF75,499,VOLTURI,4.5,"2,130 ratings",https://www.amazon.in/VOLTURI-Containers-Organization-Accessories-Transparent/dp/B0DK9NLF75/ref=sr_1_36?dib=eyJ2IjoiMSJ9.jnhL49mVk9TxyJM85EGO1RHjjsZMgbXEeBcYcYDtlEjGdjv_7SSlktHhJ6ecPxSTpjN27EpPkSiedEyMiMrrCQ7_nbP2kl2mgCRQ-nnFQlmbJrxH9gjchqjbGUKWJRPvPSlWkE0nqDcVgMELkHv5zAUNLSIPOXbnJI4YgKkd3m6VInZDBtzHmIlgmVtzIexD98NZBufsntMbFoMakJTBRTGLuO9Pf9jQgtdxiqpXhauxbQcLO7UTz-neO5f0Y4rjpIHUcxsYQPGZ86DX0guGTjFGGvocOPhizkOC5cGSzZI.Kv3zz1Hg9hk2bvRAY7ImwF_YnHij3l65s1GIs2QPhOA&dib_tag=se&keywords=storage+organization&qid=1760860670&s=kitchen&sr=1-36&xpid=_CZF_V-KWnrIo
"RERANT Fridge Storage Boxes Freezer Storage Containers, Container for Kitchen Storage Set, Storage in Kitchen, Vegetable Storage, Draining Crisper Refrigerator Food Box",B0FD93G293,179,RERANT,4.5,150 ratings,https://www.amazon.in/RERANT-Containers-Container-Vegetable-Refrigerator/dp/B0FD93G293/ref=sr_1_37?dib=eyJ2IjoiMSJ9.jnhL49mVk9TxyJM85EGO1RHjjsZMgbXEeBcYcYDtlEjGdjv_7SSlktHhJ6ecPxSTpjN27EpPkSiedEyMiMrrCQ7_nbP2kl2mgCRQ-nnFQlmbJrxH9gjchqjbGUKWJRPvPSlWkE0nqDcVgMELkHv5zAUNLSIPOXbnJI4YgKkd3m6VInZDBtzHmIlgmVtzIexD98NZBufsntMbFoMakJTBRTGLuO9Pf9jQgtdxiqpXhauxbQcLO7UTz-neO5f0Y4rjpIHUcxsYQPGZ86DX0guGTjFGGvocOPhizkOC5cGSzZI.Kv3zz1Hg9hk2bvRAY7ImwF_YnHij3l65s1GIs2QPhOA&dib_tag=se&keywords=storage+organization&qid=1760860670&s=kitchen&sr=1-37&xpid=_CZF_V-KWnrIo
"Non-woven Printed Storage Bags [3 Pack/100L] Large Blanket Clothes Organization and Storage Containers for Comforters, Bedding, Foldable Organizer, Blue, Non-Woven Fabric",B0FDGGJTK1,248,Generic,3.7,6 ratings,https://www.amazon.in/Non-woven-Organization-Containers-Comforters-Organizer/dp/B0FDGGJTK1/ref=sr_1_38?dib=eyJ2IjoiMSJ9.jnhL49mVk9TxyJM85EGO1RHjjsZMgbXEeBcYcYDtlEjGdjv_7SSlktHhJ6ecPxSTpjN27EpPkSiedEyMiMrrCQ7_nbP2kl2mgCRQ-nnFQlmbJrxH9gjchqjbGUKWJRPvPSlWkE0nqDcVgMELkHv5zAUNLSIPOXbnJI4YgKkd3m6VInZDBtzHmIlgmVtzIexD98NZBufsntMbFoMakJTBRTGLuO9Pf9jQgtdxiqpXhauxbQcLO7UTz-neO5f0Y4rjpIHUcxsYQPGZ86DX0guGTjFGGvocOPhizkOC5cGSzZI.Kv3zz1Hg9hk2bvRAY7ImwF_YnHij3l65s1GIs2QPhOA&dib_tag=se&keywords=storage+organization&qid=1760860670&s=kitchen&sr=1-38&xpid=_CZF_V-KWnrIo
"House of Quirk Ear Swab Holder Wall Mounted for Cotton Swabs, Cotton Ball, 10 Oz Q-tip Dispenser for Bathroom Storage Organization, Makeup Organizer - Grey",B0B2W22MHR,299,House of Quirk,4.1,184 ratings,https://www.amazon.in/Mounted-Dispenser-Bathroom-Organization-Organizer/dp/B0B2W22MHR/ref=sr_1_39?dib=eyJ2IjoiMSJ9.jnhL49mVk9TxyJM85EGO1RHjjsZMgbXEeBcYcYDtlEjGdjv_7SSlktHhJ6ecPxSTpjN27EpPkSiedEyMiMrrCQ7_nbP2kl2mgCRQ-nnFQlmbJrxH9gjchqjbGUKWJRPvPSlWkE0nqDcVgMELkHv5zAUNLSIPOXbnJI4YgKkd3m6VInZDBtzHmIlgmVtzIexD98NZBufsntMbFoMakJTBRTGLuO9Pf9jQgtdxiqpXhauxbQcLO7UTz-neO5f0Y4rjpIHUcxsYQPGZ86DX0guGTjFGGvocOPhizkOC5cGSzZI.Kv3zz1Hg9hk2bvRAY7ImwF_YnHij3l65s1GIs2QPhOA&dib_tag=se&keywords=storage+organization&qid=1760860670&s=kitchen&sr=1-39&xpid=_CZF_V-KWnrIo
NYALKARAN Plastic Shoe Slots Organizer Space Saver Double Deck Shoe Rack Adjustable Shoe Slots for Closet Organization (Pack of 12) (Multicolor),B09YHPY6QZ,499,N/A,3.7,"5,443 ratings",https://www.amazon.in/NK-STOREs-Organizer-Double-Adjustable-Organization/dp/B09YHPY6QZ/ref=sr_1_43?dib=eyJ2IjoiMSJ9.jnhL49mVk9TxyJM85EGO1RHjjsZMgbXEeBcYcYDtlEjGdjv_7SSlktHhJ6ecPxSTpjN27EpPkSiedEyMiMrrCQ7_nbP2kl2mgCRQ-nnFQlmbJrxH9gjchqjbGUKWJRPvPSlWkE0nqDcVgMELkHv5zAUNLSIPOXbnJI4YgKkd3m6VInZDBtzHmIlgmVtzIexD98NZBufsntMbFoMakJTBRTGLuO9Pf9jQgtdxiqpXhauxbQcLO7UTz-neO5f0Y4rjpIHUcxsYQPGZ86DX0guGTjFGGvocOPhizkOC5cGSzZI.Kv3zz1Hg9hk2bvRAY7ImwF_YnHij3l65s1GIs2QPhOA&dib_tag=se&keywords=storage+organization&qid=1760860670&s=kitchen&sr=1-43&xpid=_CZF_V-KWnrIo
"QONETIC Fridge Storage Air Tight Containers For BPA Free Kitchen Storage Containers Box for Pulses, Cereals, Grains, Dry Fruits, Pantry Organization, Kitchen Accessories Items",B0F3PDXTW9,499,QONETIC,4.5,145 ratings,https://www.amazon.in/QONETIC-Storage-Containers-Organization-Accessories/dp/B0F3PDXTW9/ref=sr_1_44?dib=eyJ2IjoiMSJ9.jnhL49mVk9TxyJM85EGO1RHjjsZMgbXEeBcYcYDtlEjGdjv_7SSlktHhJ6ecPxSTpjN27EpPkSiedEyMiMrrCQ7_nbP2kl2mgCRQ-nnFQlmbJrxH9gjchqjbGUKWJRPvPSlWkE0nqDcVgMELkHv5zAUNLSIPOXbnJI4YgKkd3m6VInZDBtzHmIlgmVtzIexD98NZBufsntMbFoMakJTBRTGLuO9Pf9jQgtdxiqpXhauxbQcLO7UTz-neO5f0Y4rjpIHUcxsYQPGZ86DX0guGTjFGGvocOPhizkOC5cGSzZI.Kv3zz1Hg9hk2bvRAY7ImwF_YnHij3l65s1GIs2QPhOA&dib_tag=se&keywords=storage+organization&qid=1760860670&s=kitchen&sr=1-44&xpid=_CZF_V-KWnrIo
"Raggle 2 pcs Closet Organizers and Storage Bins Foldable Metal Frame Storage Box with Zippers & Clear Window for Organizing Clothing. (24L,BLUE,2)",B0D2Y4BDJ6,686,Raggle,4.0,279 ratings,https://www.amazon.in/Raggle-Organizers-Foldable-Organizing-Clothing/dp/B0D2Y4BDJ6/ref=sr_1_45?dib=eyJ2IjoiMSJ9.jnhL49mVk9TxyJM85EGO1RHjjsZMgbXEeBcYcYDtlEjGdjv_7SSlktHhJ6ecPxSTpjN27EpPkSiedEyMiMrrCQ7_nbP2kl2mgCRQ-nnFQlmbJrxH9gjchqjbGUKWJRPvPSlWkE0nqDcVgMELkHv5zAUNLSIPOXbnJI4YgKkd3m6VInZDBtzHmIlgmVtzIexD98NZBufsntMbFoMakJTBRTGLuO9Pf9jQgtdxiqpXhauxbQcLO7UTz-neO5f0Y4rjpIHUcxsYQPGZ86DX0guGTjFGGvocOPhizkOC5cGSzZI.Kv3zz1Hg9hk2bvRAY7ImwF_YnHij3l65s1GIs2QPhOA&dib_tag=se&keywords=storage+organization&qid=1760860670&s=kitchen&sr=1-45&xpid=_CZF_V-KWnrIo
"Solitude 3 Pcs Wardrobe Cloth Organizer for Storage Box Foldable Storage Bins for Clothes, Sheets, Toys, Books Shelf Organizer Basket with Handles Fabric Storage Box for Closet Organization",B0FRXK5KLD,629,Solitude,4.9,63 ratings,https://www.amazon.in/Solitude-Wardrobe-Organizer-Foldable-Organization/dp/B0FRXK5KLD/ref=sr_1_46?dib=eyJ2IjoiMSJ9.jnhL49mVk9TxyJM85EGO1RHjjsZMgbXEeBcYcYDtlEjGdjv_7SSlktHhJ6ecPxSTpjN27EpPkSiedEyMiMrrCQ7_nbP2kl2mgCRQ-nnFQlmbJrxH9gjchqjbGUKWJRPvPSlWkE0nqDcVgMELkHv5zAUNLSIPOXbnJI4YgKkd3m6VInZDBtzHmIlgmVtzIexD98NZBufsntMbFoMakJTBRTGLuO9Pf9jQgtdxiqpXhauxbQcLO7UTz-neO5f0Y4rjpIHUcxsYQPGZ86DX0guGTjFGGvocOPhizkOC5cGSzZI.Kv3zz1Hg9hk2bvRAY7ImwF_YnHij3l65s1GIs2QPhOA&dib_tag=se&keywords=storage+organization&qid=1760860670&s=kitchen&sr=1-46&xpid=_CZF_V-KWnrIo
"SONANI LIFESTYLE Under Sink Organizer Pack of 1 – 2 Tier Under Sink Storage Organizer with Sliding Drawer – Bathroom & Kitchen Cabinet Organizer Shelf Baskets – Rustproof, Storage Baskets (Black)",B0FCYXL9G4,498,SONANI LIFESTYLE,4.0,43 ratings,https://www.amazon.in/SONANI-LIFESTYLE-Under-Sink-Organizer/dp/B0FCYXL9G4/ref=sr_1_47?dib=eyJ2IjoiMSJ9.jnhL49mVk9TxyJM85EGO1RHjjsZMgbXEeBcYcYDtlEjGdjv_7SSlktHhJ6ecPxSTpjN27EpPkSiedEyMiMrrCQ7_nbP2kl2mgCRQ-nnFQlmbJrxH9gjchqjbGUKWJRPvPSlWkE0nqDcVgMELkHv5zAUNLSIPOXbnJI4YgKkd3m6VInZDBtzHmIlgmVtzIexD98NZBufsntMbFoMakJTBRTGLuO9Pf9jQgtdxiqpXhauxbQcLO7UTz-neO5f0Y4rjpIHUcxsYQPGZ86DX0guGTjFGGvocOPhizkOC5cGSzZI.Kv3zz1Hg9hk2bvRAY7ImwF_YnHij3l65s1GIs2QPhOA&dib_tag=se&keywords=storage+organization&qid=1760860670&s=kitchen&sr=1-47&xpid=_CZF_V-KWnrIo
"Niwlix Wardrobe Cloth Organizer For Storage box organiser Foldable Storage Boxes for Organizing Clothing, Sheets, Toys, Books - Shelf Organizer Shelves Basket Storage Bin Grey (Pack Of 4, Grey)",B0FG2LNK3K,583,Niwlix,4.4,77 ratings,https://www.amazon.in/Niwlix-Wardrobe-Organizer-organiser-Organizing/dp/B0FG2LNK3K/ref=sr_1_48?dib=eyJ2IjoiMSJ9.jnhL49mVk9TxyJM85EGO1RHjjsZMgbXEeBcYcYDtlEjGdjv_7SSlktHhJ6ecPxSTpjN27EpPkSiedEyMiMrrCQ7_nbP2kl2mgCRQ-nnFQlmbJrxH9gjchqjbGUKWJRPvPSlWkE0nqDcVgMELkHv5zAUNLSIPOXbnJI4YgKkd3m6VInZDBtzHmIlgmVtzIexD98NZBufsntMbFoMakJTBRTGLuO9Pf9jQgtdxiqpXhauxbQcLO7UTz-neO5f0Y4rjpIHUcxsYQPGZ86DX0guGTjFGGvocOPhizkOC5cGSzZI.Kv3zz1Hg9hk2bvRAY7ImwF_YnHij3l65s1GIs2QPhOA&dib_tag=se&keywords=storage+organization&qid=1760860670&s=kitchen&sr=1-48&xpid=_CZF_V-KWnrIo
"Promote 20pcs Cartoon Self-Sealing Bags – Food Storage Bags for Snacks, Candy, Hair Accessories, and Sundries with Reusable and Resealable Features for Easy Organization and Storage. (Pink)",B0DRGKJ26F,199,Promote,4.7,4 ratings,https://www.amazon.in/Promote-20pcs-Cartoon-Self-Sealing-Bags/dp/B0DRGKJ26F/ref=sr_1_49?dib=eyJ2IjoiMSJ9.jnhL49mVk9TxyJM85EGO1RHjjsZMgbXEeBcYcYDtlEjGdjv_7SSlktHhJ6ecPxSTpjN27EpPkSiedEyMiMrrCQ7_nbP2kl2mgCRQ-nnFQlmbJrxH9gjchqjbGUKWJRPvPSlWkE0nqDcVgMELkHv5zAUNLSIPOXbnJI4YgKkd3m6VInZDBtzHmIlgmVtzIexD98NZBufsntMbFoMakJTBRTGLuO9Pf9jQgtdxiqpXhauxbQcLO7UTz-neO5f0Y4rjpIHUcxsYQPGZ86DX0guGTjFGGvocOPhizkOC5cGSzZI.Kv3zz1Hg9hk2bvRAY7ImwF_YnHij3l65s1GIs2QPhOA&dib_tag=se&keywords=storage+organization&qid=1760860670&s=kitchen&sr=1-49&xpid=_CZF_V-KWnrIo
"HomeStrap Rectangular Set Of 3 Large Plastic Storage Organizers/Baskets With Lid For Kitchen, Clothes, Multipurpose Vegetables, Toys, Books, Office, Stationery, Wardrobe(Biscuit, Grey, Brown)",B0B17WWVD2,949,HomeStrap,4.2,"1,549 ratings",https://www.amazon.in/HomeStrap-Organizers-Multipurpose-Vegetables-Stationery/dp/B0B17WWVD2/ref=sr_1_50?dib=eyJ2IjoiMSJ9.jnhL49mVk9TxyJM85EGO1RHjjsZMgbXEeBcYcYDtlEjGdjv_7SSlktHhJ6ecPxSTpjN27EpPkSiedEyMiMrrCQ7_nbP2kl2mgCRQ-nnFQlmbJrxH9gjchqjbGUKWJRPvPSlWkE0nqDcVgMELkHv5zAUNLSIPOXbnJI4YgKkd3m6VInZDBtzHmIlgmVtzIexD98NZBufsntMbFoMakJTBRTGLuO9Pf9jQgtdxiqpXhauxbQcLO7UTz-neO5f0Y4rjpIHUcxsYQPGZ86DX0guGTjFGGvocOPhizkOC5cGSzZI.Kv3zz1Hg9hk2bvRAY7ImwF_YnHij3l65s1GIs2QPhOA&dib_tag=se&keywords=storage+organization&qid=1760860670&s=kitchen&sr=1-50&xpid=_CZF_V-KWnrIo
"Roktry Toilet Brush and Holder Set for Bathroom, Flexible Toilet Cleaning Bowl Brush Head with Silicone Bristles, Compact Size for Storage and Organization (Multicolor)",B0BGQ2VLG5,219,Roktry,3.8,"1,073 ratings",https://www.amazon.in/Roktry-Bathroom-Flexible-Organization-multicolor1/dp/B0BGQ2VLG5/ref=sr_1_51?dib=eyJ2IjoiMSJ9.jnhL49mVk9TxyJM85EGO1RHjjsZMgbXEeBcYcYDtlEjGdjv_7SSlktHhJ6ecPxSTpjN27EpPkSiedEyMiMrrCQ7_nbP2kl2mgCRQ-nnFQlmbJrxH9gjchqjbGUKWJRPvPSlWkE0nqDcVgMELkHv5zAUNLSIPOXbnJI4YgKkd3m6VInZDBtzHmIlgmVtzIexD98NZBufsntMbFoMakJTBRTGLuO9Pf9jQgtdxiqpXhauxbQcLO7UTz-neO5f0Y4rjpIHUcxsYQPGZ86DX0guGTjFGGvocOPhizkOC5cGSzZI.Kv3zz1Hg9hk2bvRAY7ImwF_YnHij3l65s1GIs2QPhOA&dib_tag=se&keywords=storage+organization&qid=1760860670&s=kitchen&sr=1-51&xpid=_CZF_V-KWnrIo
"FLYNGO Foldable Drawer Organizer For Wardrobe,Clothing,Undergarment Closet Organiser Divider Storage Box For For Socks,Bra,Tie,And Scarfs(4 Pc Wave)(Nylon),Grey",B09H7K21ZZ,399,FLYNGO,4.0,"3,147 ratings",https://www.amazon.in/FLYNGO-Foldable-Organizer-Undergarment-Organiser/dp/B09H7K21ZZ/ref=sr_1_52?dib=eyJ2IjoiMSJ9.jnhL49mVk9TxyJM85EGO1RHjjsZMgbXEeBcYcYDtlEjGdjv_7SSlktHhJ6ecPxSTpjN27EpPkSiedEyMiMrrCQ7_nbP2kl2mgCRQ-nnFQlmbJrxH9gjchqjbGUKWJRPvPSlWkE0nqDcVgMELkHv5zAUNLSIPOXbnJI4YgKkd3m6VInZDBtzHmIlgmVtzIexD98NZBufsntMbFoMakJTBRTGLuO9Pf9jQgtdxiqpXhauxbQcLO7UTz-neO5f0Y4rjpIHUcxsYQPGZ86DX0guGTjFGGvocOPhizkOC5cGSzZI.Kv3zz1Hg9hk2bvRAY7ImwF_YnHij3l65s1GIs2QPhOA&dib_tag=se&keywords=storage+organization&qid=1760860670&s=kitchen&sr=1-52&xpid=_CZF_V-KWnrIo
"UCRAVO 10pcs Drawer Partition Tray, Silverware Storage Box With Non-slip Pads, Desktop Makeup Storage Box For Jewelry, Data Cables, Household Storage And Organization For Closet, Kitchen, Bedroom",B0CZHNMPBY,581,UCRAVO,4.3,99 ratings,https://www.amazon.in/UCRAVO-Partition-Silverware-Household-Organization/dp/B0CZHNMPBY/ref=sr_1_53?dib=eyJ2IjoiMSJ9.jnhL49mVk9TxyJM85EGO1RHjjsZMgbXEeBcYcYDtlEjGdjv_7SSlktHhJ6ecPxSTpjN27EpPkSiedEyMiMrrCQ7_nbP2kl2mgCRQ-nnFQlmbJrxH9gjchqjbGUKWJRPvPSlWkE0nqDcVgMELkHv5zAUNLSIPOXbnJI4YgKkd3m6VInZDBtzHmIlgmVtzIexD98NZBufsntMbFoMakJTBRTGLuO9Pf9jQgtdxiqpXhauxbQcLO7UTz-neO5f0Y4rjpIHUcxsYQPGZ86DX0guGTjFGGvocOPhizkOC5cGSzZI.Kv3zz1Hg9hk2bvRAY7ImwF_YnHij3l65s1GIs2QPhOA&dib_tag=se&keywords=storage+organization&qid=1760860670&s=kitchen&sr=1-53&xpid=_CZF_V-KWnrIo
"Boniry 360° Rotating Makeup Brush Holder Organizer, Makeup Organizers Countertop, Makeup Organization Skincare Storage for Cosmetics, Nail Polish, Art Supply, Bathroom Vanity Desktop Cup (White)",B0DGXF4LFW,259,Boniry,3.9,6 ratings,https://www.amazon.in/Boniry-Organizer-Organizers-Countertop-Organization/dp/B0DGXF4LFW/ref=sr_1_54?dib=eyJ2IjoiMSJ9.jnhL49mVk9TxyJM85EGO1RHjjsZMgbXEeBcYcYDtlEjGdjv_7SSlktHhJ6ecPxSTpjN27EpPkSiedEyMiMrrCQ7_nbP2kl2mgCRQ-nnFQlmbJrxH9gjchqjbGUKWJRPvPSlWkE0nqDcVgMELkHv5zAUNLSIPOXbnJI4YgKkd3m6VInZDBtzHmIlgmVtzIexD98NZBufsntMbFoMakJTBRTGLuO9Pf9jQgtdxiqpXhauxbQcLO7UTz-neO5f0Y4rjpIHUcxsYQPGZ86DX0guGTjFGGvocOPhizkOC5cGSzZI.Kv3zz1Hg9hk2bvRAY7ImwF_YnHij3l65s1GIs2QPhOA&dib_tag=se&keywords=storage+organization&qid=1760860670&s=kitchen&sr=1-54&xpid=_CZF_V-KWnrIo
"GRACIOUS MART Large Transparent Storage Box with Lockable Airtight Lid, Scratch-Resistant Plastic Bin with Wheels for Home Organization and Storage (17cm x 25cm x 13cm)",B0DJ5M738L,399,GRACIOUS MART,4.2,17 ratings,https://www.amazon.in/GRACIOUS-MART-Transparent-Organization-WHITE-S-17/dp/B0DJ5M738L/ref=sr_1_52?dib=eyJ2IjoiMSJ9.DeFhiKUcF7iKtTVQ3QgZHnDW7ADSF09zqR_LdR9TxMSjjuBRQgRGAR1GGd5hn5KWhoUeagJxgGdYNoEyWG-C0diu5Frglm6I1KHJ0pG-G47JhK3k8gnU4Kun0xXT-laCNoP_AIXTjoSX9gn-bDrVHic81OD_445iBkGc7CUpaFevWhsgdzFOa781h2zzV0WTMUc7c2kxsaQLNnwn0Im8N-Y6rW5d-dI9RCYGAXeXJOAjTt_4SXX28QMSiSjviNFZz0-r-3dXUY6AG_ym7CpzRjZxdPoPe-LmwWQE4RmeQyk.3H6oIooL2YWZzyXXcOCSsdi4FwtQLDCZeYkkQCwAwr8&dib_tag=se&keywords=storage+organization&qid=1760860676&s=kitchen&sr=1-52&xpid=_CZF_V-KWnrIo
"ALPHIT Extra Large Storage Box Soft Canvas Storage Bags with Zipper 4-Carrying Handles and Window 25x19x9 inch Bag for Blankets Pillows,Woman Dresses,Sarees,Lehengas for Wardrobe Organizer (PACK OF 2)",B0DWK7HN2N,570,ALPHIT SALE,4.6,139 ratings,https://www.amazon.in/ALPHIT-4-Carrying-Blankets-Lehengas-Organizer/dp/B0DWK7HN2N/ref=sr_1_53?dib=eyJ2IjoiMSJ9.DeFhiKUcF7iKtTVQ3QgZHnDW7ADSF09zqR_LdR9TxMSjjuBRQgRGAR1GGd5hn5KWhoUeagJxgGdYNoEyWG-C0diu5Frglm6I1KHJ0pG-G47JhK3k8gnU4Kun0xXT-laCNoP_AIXTjoSX9gn-bDrVHic81OD_445iBkGc7CUpaFevWhsgdzFOa781h2zzV0WTMUc7c2kxsaQLNnwn0Im8N-Y6rW5d-dI9RCYGAXeXJOAjTt_4SXX28QMSiSjviNFZz0-r-3dXUY6AG_ym7CpzRjZxdPoPe-LmwWQE4RmeQyk.3H6oIooL2YWZzyXXcOCSsdi4FwtQLDCZeYkkQCwAwr8&dib_tag=se&keywords=storage+organization&qid=1760860676&s=kitchen&sr=1-53&xpid=_CZF_V-KWnrIo
"PulGos 6 Pcs Foldable Closet Organizers for Clothes, Space-Saving Fabric Storage Box Almirah Cupboard Organizer Sturdy Storage Boxes for Organizing Wardrobe Socks,Bra,Tie,Scarfs,and Toys- Grey",B0D31RQGJP,417,PulGos,4.0,479 ratings,https://www.amazon.in/PulGos-Foldable-Closet-Organizers-Space-Saving/dp/B0D31RQGJP/ref=sr_1_54?dib=eyJ2IjoiMSJ9.DeFhiKUcF7iKtTVQ3QgZHnDW7ADSF09zqR_LdR9TxMSjjuBRQgRGAR1GGd5hn5KWhoUeagJxgGdYNoEyWG-C0diu5Frglm6I1KHJ0pG-G47JhK3k8gnU4Kun0xXT-laCNoP_AIXTjoSX9gn-bDrVHic81OD_445iBkGc7CUpaFevWhsgdzFOa781h2zzV0WTMUc7c2kxsaQLNnwn0Im8N-Y6rW5d-dI9RCYGAXeXJOAjTt_4SXX28QMSiSjviNFZz0-r-3dXUY6AG_ym7CpzRjZxdPoPe-LmwWQE4RmeQyk.3H6oIooL2YWZzyXXcOCSsdi4FwtQLDCZeYkkQCwAwr8&dib_tag=se&keywords=storage+organization&qid=1760860676&s=kitchen&sr=1-54&xpid=_CZF_V-KWnrIo
"XMART INDIA Fridge Storage organiser storage box and organiser, Container for Kitchen Storage Set, kitchen storage box, Vegetable Storage, kitchen accessories items for home jars containers(4 Grid)",B0D118D5W7,189,XMART INDIA,4.2,182 ratings,https://www.amazon.in/Fridge-Containers-Container-Refrigerator-Detachable/dp/B0D118D5W7/ref=sr_1_55?dib=eyJ2IjoiMSJ9.DeFhiKUcF7iKtTVQ3QgZHnDW7ADSF09zqR_LdR9TxMSjjuBRQgRGAR1GGd5hn5KWhoUeagJxgGdYNoEyWG-C0diu5Frglm6I1KHJ0pG-G47JhK3k8gnU4Kun0xXT-laCNoP_AIXTjoSX9gn-bDrVHic81OD_445iBkGc7CUpaFevWhsgdzFOa781h2zzV0WTMUc7c2kxsaQLNnwn0Im8N-Y6rW5d-dI9RCYGAXeXJOAjTt_4SXX28QMSiSjviNFZz0-r-3dXUY6AG_ym7CpzRjZxdPoPe-LmwWQE4RmeQyk.3H6oIooL2YWZzyXXcOCSsdi4FwtQLDCZeYkkQCwAwr8&dib_tag=se&keywords=storage+organization&qid=1760860676&s=kitchen&sr=1-55&xpid=_CZF_V-KWnrIo
"Zollyss 360° Rotating Makeup Brush Holder Organizer | Organizers Countertop Organization Skincare Storage For Vanity, Desktop, Bathroom Green, Cosmetics (White)",B0CVN74LRK,299,N/A,4.2,354 ratings,https://www.amazon.in/Zollyss-Makeup-Brush-Holder-Organizer/dp/B0CVN74LRK/ref=sr_1_56?dib=eyJ2IjoiMSJ9.DeFhiKUcF7iKtTVQ3QgZHnDW7ADSF09zqR_LdR9TxMSjjuBRQgRGAR1GGd5hn5KWhoUeagJxgGdYNoEyWG-C0diu5Frglm6I1KHJ0pG-G47JhK3k8gnU4Kun0xXT-laCNoP_AIXTjoSX9gn-bDrVHic81OD_445iBkGc7CUpaFevWhsgdzFOa781h2zzV0WTMUc7c2kxsaQLNnwn0Im8N-Y6rW5d-dI9RCYGAXeXJOAjTt_4SXX28QMSiSjviNFZz0-r-3dXUY6AG_ym7CpzRjZxdPoPe-LmwWQE4RmeQyk.3H6oIooL2YWZzyXXcOCSsdi4FwtQLDCZeYkkQCwAwr8&dib_tag=se&keywords=storage+organization&qid=1760860676&s=kitchen&sr=1-56&xpid=_CZF_V-KWnrIo
"Homeor Plastic Air Tight Containers For Kitchen Organizer Storage Set, Kitchen Accessories Items, Kitchen Storage Set Pantry Organization And Kitchen Storage (Set Of 4, 700 Ml), Clear",B0DF76LXWF,249,Homeor,4.2,55 ratings,https://www.amazon.in/Homeor-Set-Accessories-Organization-700/dp/B0DF76LXWF/ref=sr_1_57?dib=eyJ2IjoiMSJ9.DeFhiKUcF7iKtTVQ3QgZHnDW7ADSF09zqR_LdR9TxMSjjuBRQgRGAR1GGd5hn5KWhoUeagJxgGdYNoEyWG-C0diu5Frglm6I1KHJ0pG-G47JhK3k8gnU4Kun0xXT-laCNoP_AIXTjoSX9gn-bDrVHic81OD_445iBkGc7CUpaFevWhsgdzFOa781h2zzV0WTMUc7c2kxsaQLNnwn0Im8N-Y6rW5d-dI9RCYGAXeXJOAjTt_4SXX28QMSiSjviNFZz0-r-3dXUY6AG_ym7CpzRjZxdPoPe-LmwWQE4RmeQyk.3H6oIooL2YWZzyXXcOCSsdi4FwtQLDCZeYkkQCwAwr8&dib_tag=se&keywords=storage+organization&qid=1760860676&s=kitchen&sr=1-57&xpid=_CZF_V-KWnrIo
"BOXJOY Cloth Organizer for Storage Pack of 2 Foldable Strong Steel Frame Box for Clothes Saree Dress Clear Window Front & Top Open Almirah Wardrobe Organiser Boxes Closet for Cupboard Shelves, 24L",B0DR9JSKGQ,699,BOXJOY,4.7,261 ratings,https://www.amazon.in/BOXJOY-Organizer-Foldable-Blankets-Organiser/dp/B0DR9JSKGQ/ref=sr_1_58?dib=eyJ2IjoiMSJ9.DeFhiKUcF7iKtTVQ3QgZHnDW7ADSF09zqR_LdR9TxMSjjuBRQgRGAR1GGd5hn5KWhoUeagJxgGdYNoEyWG-C0diu5Frglm6I1KHJ0pG-G47JhK3k8gnU4Kun0xXT-laCNoP_AIXTjoSX9gn-bDrVHic81OD_445iBkGc7CUpaFevWhsgdzFOa781h2zzV0WTMUc7c2kxsaQLNnwn0Im8N-Y6rW5d-dI9RCYGAXeXJOAjTt_4SXX28QMSiSjviNFZz0-r-3dXUY6AG_ym7CpzRjZxdPoPe-LmwWQE4RmeQyk.3H6oIooL2YWZzyXXcOCSsdi4FwtQLDCZeYkkQCwAwr8&dib_tag=se&keywords=storage+organization&qid=1760860676&s=kitchen&sr=1-58&xpid=_CZF_V-KWnrIo
"Kuber Industries Pack of 6 Non Woven Printed Saree Bags/Covers for Cloth Storage Set | Multipurpose Sarees Storage Bags for Suit, Lehanga, Dress | Sari/Shadi Organizer for Wardrobe | Navy Blue",B0CTMQJPTG,338,Kuber Industries,4.1,"1,281 ratings",https://www.amazon.in/Kuber-Industries-Storage-Wardrobe-Organizer/dp/B0CTMQJPTG/ref=sr_1_59?dib=eyJ2IjoiMSJ9.DeFhiKUcF7iKtTVQ3QgZHnDW7ADSF09zqR_LdR9TxMSjjuBRQgRGAR1GGd5hn5KWhoUeagJxgGdYNoEyWG-C0diu5Frglm6I1KHJ0pG-G47JhK3k8gnU4Kun0xXT-laCNoP_AIXTjoSX9gn-bDrVHic81OD_445iBkGc7CUpaFevWhsgdzFOa781h2zzV0WTMUc7c2kxsaQLNnwn0Im8N-Y6rW5d-dI9RCYGAXeXJOAjTt_4SXX28QMSiSjviNFZz0-r-3dXUY6AG_ym7CpzRjZxdPoPe-LmwWQE4RmeQyk.3H6oIooL2YWZzyXXcOCSsdi4FwtQLDCZeYkkQCwAwr8&dib_tag=se&keywords=storage+organization&qid=1760860676&s=kitchen&sr=1-59&xpid=_CZF_V-KWnrIo
"Boniry Makeup Organizer with Drawers Vanity Storage Box, Versatile Plastic Makeup Organizer, Perfect for Home and Office Use For Countertop Cosmetics Display Case Holder (WHITE)",B0D8L2YCHJ,219,Boniry,4.1,475 ratings,https://www.amazon.in/Boniry-Makeup-Organizer-Versatile-Countertop/dp/B0D8L2YCHJ/ref=sr_1_60?dib=eyJ2IjoiMSJ9.DeFhiKUcF7iKtTVQ3QgZHnDW7ADSF09zqR_LdR9TxMSjjuBRQgRGAR1GGd5hn5KWhoUeagJxgGdYNoEyWG-C0diu5Frglm6I1KHJ0pG-G47JhK3k8gnU4Kun0xXT-laCNoP_AIXTjoSX9gn-bDrVHic81OD_445iBkGc7CUpaFevWhsgdzFOa781h2zzV0WTMUc7c2kxsaQLNnwn0Im8N-Y6rW5d-dI9RCYGAXeXJOAjTt_4SXX28QMSiSjviNFZz0-r-3dXUY6AG_ym7CpzRjZxdPoPe-LmwWQE4RmeQyk.3H6oIooL2YWZzyXXcOCSsdi4FwtQLDCZeYkkQCwAwr8&dib_tag=se&keywords=storage+organization&qid=1760860676&s=kitchen&sr=1-60&xpid=_CZF_V-KWnrIo
"FLYNGO Linen 2 Pcs 31L Foldable Steel Frame Clothes Organizer Storage Box, Cloth Wardrobe Organizer for Storage Home, Bedroom with Handle - 31 Liters (Pack of 2, Grey)",B0DKBQSJZ3,595,FLYNGO,4.1,310 ratings,https://www.amazon.in/FLYNGO-Foldable-Clothes-Organizer-Wardrobe/dp/B0DKBQSJZ3/ref=sr_1_61?dib=eyJ2IjoiMSJ9.DeFhiKUcF7iKtTVQ3QgZHnDW7ADSF09zqR_LdR9TxMSjjuBRQgRGAR1GGd5hn5KWhoUeagJxgGdYNoEyWG-C0diu5Frglm6I1KHJ0pG-G47JhK3k8gnU4Kun0xXT-laCNoP_AIXTjoSX9gn-bDrVHic81OD_445iBkGc7CUpaFevWhsgdzFOa781h2zzV0WTMUc7c2kxsaQLNnwn0Im8N-Y6rW5d-dI9RCYGAXeXJOAjTt_4SXX28QMSiSjviNFZz0-r-3dXUY6AG_ym7CpzRjZxdPoPe-LmwWQE4RmeQyk.3H6oIooL2YWZzyXXcOCSsdi4FwtQLDCZeYkkQCwAwr8&dib_tag=se&keywords=storage+organization&qid=1760860676&s=kitchen&sr=1-61&xpid=_CZF_V-KWnrIo
"Roughhouse Ultra-Durable Vacuum Storage Bags Pack of 5 Space Saver for Clothes and More- Airtight, Reusable Compression Bags with Double-Zip Seal, Free Pump",B0DSFSDTMB,349,Roughhouse,4.5,560 ratings,https://www.amazon.in/Roughhouse-Ultra-Durable-Airtight-Compression-Double-Zip/dp/B0DSFSDTMB/ref=sr_1_62?dib=eyJ2IjoiMSJ9.DeFhiKUcF7iKtTVQ3QgZHnDW7ADSF09zqR_LdR9TxMSjjuBRQgRGAR1GGd5hn5KWhoUeagJxgGdYNoEyWG-C0diu5Frglm6I1KHJ0pG-G47JhK3k8gnU4Kun0xXT-laCNoP_AIXTjoSX9gn-bDrVHic81OD_445iBkGc7CUpaFevWhsgdzFOa781h2zzV0WTMUc7c2kxsaQLNnwn0Im8N-Y6rW5d-dI9RCYGAXeXJOAjTt_4SXX28QMSiSjviNFZz0-r-3dXUY6AG_ym7CpzRjZxdPoPe-LmwWQE4RmeQyk.3H6oIooL2YWZzyXXcOCSsdi4FwtQLDCZeYkkQCwAwr8&dib_tag=se&keywords=storage+organization&qid=1760860676&s=kitchen&sr=1-62&xpid=_CZF_V-KWnrIo
"House of Quirk Foldable Storage Box,Closet Organizers and Storage,Plastic Storage Cabinet for Craft Toy Organizer,Stackable Storage Containers with Doors and Lids for Organization (3Layer 55cm White)",B0D947DLVR,"2,750",House of Quirk,4.1,86 ratings,https://www.amazon.in/House-Quirk-Organizers-Containers-Organization/dp/B0D947DLVR/ref=sr_1_63?dib=eyJ2IjoiMSJ9.DeFhiKUcF7iKtTVQ3QgZHnDW7ADSF09zqR_LdR9TxMSjjuBRQgRGAR1GGd5hn5KWhoUeagJxgGdYNoEyWG-C0diu5Frglm6I1KHJ0pG-G47JhK3k8gnU4Kun0xXT-laCNoP_AIXTjoSX9gn-bDrVHic81OD_445iBkGc7CUpaFevWhsgdzFOa781h2zzV0WTMUc7c2kxsaQLNnwn0Im8N-Y6rW5d-dI9RCYGAXeXJOAjTt_4SXX28QMSiSjviNFZz0-r-3dXUY6AG_ym7CpzRjZxdPoPe-LmwWQE4RmeQyk.3H6oIooL2YWZzyXXcOCSsdi4FwtQLDCZeYkkQCwAwr8&dib_tag=se&keywords=storage+organization&qid=1760860676&s=kitchen&sr=1-63&xpid=_CZF_V-KWnrIo
CSM Jewelry Case Organizer(CLICK-3) Rectangular Plastic Storage Box with dividers 4/6/12 Grids (Transparent) - Pack of 3 Boxes,B08QFLGF1G,349,C.S.M,4.3,"1,963 ratings",https://www.amazon.in/CSM-Rectangular-Jewellery-Multipurpose-Transparent/dp/B08QFLGF1G/ref=sr_1_67?dib=eyJ2IjoiMSJ9.DeFhiKUcF7iKtTVQ3QgZHnDW7ADSF09zqR_LdR9TxMSjjuBRQgRGAR1GGd5hn5KWhoUeagJxgGdYNoEyWG-C0diu5Frglm6I1KHJ0pG-G47JhK3k8gnU4Kun0xXT-laCNoP_AIXTjoSX9gn-bDrVHic81OD_445iBkGc7CUpaFevWhsgdzFOa781h2zzV0WTMUc7c2kxsaQLNnwn0Im8N-Y6rW5d-dI9RCYGAXeXJOAjTt_4SXX28QMSiSjviNFZz0-r-3dXUY6AG_ym7CpzRjZxdPoPe-LmwWQE4RmeQyk.3H6oIooL2YWZzyXXcOCSsdi4FwtQLDCZeYkkQCwAwr8&dib_tag=se&keywords=storage+organization&qid=1760860676&s=kitchen&sr=1-67&xpid=_CZF_V-KWnrIo
"Tidy Fox Vegetable Storage Net Bags for Fridge – Set of 12 / Reusable, Washable, Durable Nylon Mesh Bags with Rustproof Zipper for Produce, Toys, Travel & Home Organization",B0CNTP89TF,249,Tidy Fox,4.1,161 ratings,https://www.amazon.in/Tidy-Fox-Vegetable-Multi-Size-Multi-Color/dp/B0CNTP89TF/ref=sr_1_68?dib=eyJ2IjoiMSJ9.DeFhiKUcF7iKtTVQ3QgZHnDW7ADSF09zqR_LdR9TxMSjjuBRQgRGAR1GGd5hn5KWhoUeagJxgGdYNoEyWG-C0diu5Frglm6I1KHJ0pG-G47JhK3k8gnU4Kun0xXT-laCNoP_AIXTjoSX9gn-bDrVHic81OD_445iBkGc7CUpaFevWhsgdzFOa781h2zzV0WTMUc7c2kxsaQLNnwn0Im8N-Y6rW5d-dI9RCYGAXeXJOAjTt_4SXX28QMSiSjviNFZz0-r-3dXUY6AG_ym7CpzRjZxdPoPe-LmwWQE4RmeQyk.3H6oIooL2YWZzyXXcOCSsdi4FwtQLDCZeYkkQCwAwr8&dib_tag=se&keywords=storage+organization&qid=1760860676&s=kitchen&sr=1-68&xpid=_CZF_V-KWnrIo
"Ash & Roh Heavy Duty Plastic Storage Bins with Locking Lids – Clear, Stackable Containers for Bedroom or Closet Organization (pack of 1, medium 25cm X 34 cm X 18 cm)",B0F62NWHQN,358,Ash & Roh,3.9,76 ratings,https://www.amazon.in/Ash-Roh-Plastic-Storage-Locking/dp/B0F62NWHQN/ref=sr_1_69?dib=eyJ2IjoiMSJ9.DeFhiKUcF7iKtTVQ3QgZHnDW7ADSF09zqR_LdR9TxMSjjuBRQgRGAR1GGd5hn5KWhoUeagJxgGdYNoEyWG-C0diu5Frglm6I1KHJ0pG-G47JhK3k8gnU4Kun0xXT-laCNoP_AIXTjoSX9gn-bDrVHic81OD_445iBkGc7CUpaFevWhsgdzFOa781h2zzV0WTMUc7c2kxsaQLNnwn0Im8N-Y6rW5d-dI9RCYGAXeXJOAjTt_4SXX28QMSiSjviNFZz0-r-3dXUY6AG_ym7CpzRjZxdPoPe-LmwWQE4RmeQyk.3H6oIooL2YWZzyXXcOCSsdi4FwtQLDCZeYkkQCwAwr8&dib_tag=se&keywords=storage+organization&qid=1760860676&s=kitchen&sr=1-69&xpid=_CZF_V-KWnrIo
"TEX-RO Air Tight Container For Fridge Organizer Plastic Container Storage Set Fridge Storage Boxes, Kitchen Accessories Set Organization & Kitchen Storage(Set of 3, 1200 ml), Transparent",B0CYY194HH,946,TEX-RO,4.2,208 ratings,https://www.amazon.in/TEX-RO-Container-Organizer-Accessories-Organization/dp/B0CYY194HH/ref=sr_1_70?dib=eyJ2IjoiMSJ9.DeFhiKUcF7iKtTVQ3QgZHnDW7ADSF09zqR_LdR9TxMSjjuBRQgRGAR1GGd5hn5KWhoUeagJxgGdYNoEyWG-C0diu5Frglm6I1KHJ0pG-G47JhK3k8gnU4Kun0xXT-laCNoP_AIXTjoSX9gn-bDrVHic81OD_445iBkGc7CUpaFevWhsgdzFOa781h2zzV0WTMUc7c2kxsaQLNnwn0Im8N-Y6rW5d-dI9RCYGAXeXJOAjTt_4SXX28QMSiSjviNFZz0-r-3dXUY6AG_ym7CpzRjZxdPoPe-LmwWQE4RmeQyk.3H6oIooL2YWZzyXXcOCSsdi4FwtQLDCZeYkkQCwAwr8&dib_tag=se&keywords=storage+organization&qid=1760860676&s=kitchen&sr=1-70&xpid=_CZF_V-KWnrIo
"THE SR BRAND Small Plastic Clothing Storage Basket, Compact Organizer Box with Handles for Drawers, Kitchen, Bathroom & Home, Durable, Lightweight, Multi-Purpose Plastic Organizer (White, Pack of 8)",B0FF1F3K9H,449,THE SR BRAND,4.5,278 ratings,https://www.amazon.in/SR-BRAND-Organizer-Lightweight-Multi-Purpose/dp/B0FF1F3K9H/ref=sr_1_71?dib=eyJ2IjoiMSJ9.DeFhiKUcF7iKtTVQ3QgZHnDW7ADSF09zqR_LdR9TxMSjjuBRQgRGAR1GGd5hn5KWhoUeagJxgGdYNoEyWG-C0diu5Frglm6I1KHJ0pG-G47JhK3k8gnU4Kun0xXT-laCNoP_AIXTjoSX9gn-bDrVHic81OD_445iBkGc7CUpaFevWhsgdzFOa781h2zzV0WTMUc7c2kxsaQLNnwn0Im8N-Y6rW5d-dI9RCYGAXeXJOAjTt_4SXX28QMSiSjviNFZz0-r-3dXUY6AG_ym7CpzRjZxdPoPe-LmwWQE4RmeQyk.3H6oIooL2YWZzyXXcOCSsdi4FwtQLDCZeYkkQCwAwr8&dib_tag=se&keywords=storage+organization&qid=1760860676&s=kitchen&sr=1-71&xpid=_CZF_V-KWnrIo
"IVYLA® Folding Storage Box with Lid | Large Clear Collapsible Stackable Fabric Linen Storage Cube | Foldable Closet Organizer Basket with Label Holder for Clothes, Toys, Books & Home Organization",B0FN3Q6YT3,359,IVYLA,Not Available,Not Available,https://www.amazon.in/Storage-Box-Lid-Collapsible-Organization/dp/B0FN3Q6YT3/ref=sr_1_72?dib=eyJ2IjoiMSJ9.DeFhiKUcF7iKtTVQ3QgZHnDW7ADSF09zqR_LdR9TxMSjjuBRQgRGAR1GGd5hn5KWhoUeagJxgGdYNoEyWG-C0diu5Frglm6I1KHJ0pG-G47JhK3k8gnU4Kun0xXT-laCNoP_AIXTjoSX9gn-bDrVHic81OD_445iBkGc7CUpaFevWhsgdzFOa781h2zzV0WTMUc7c2kxsaQLNnwn0Im8N-Y6rW5d-dI9RCYGAXeXJOAjTt_4SXX28QMSiSjviNFZz0-r-3dXUY6AG_ym7CpzRjZxdPoPe-LmwWQE4RmeQyk.3H6oIooL2YWZzyXXcOCSsdi4FwtQLDCZeYkkQCwAwr8&dib_tag=se&keywords=storage+organization&qid=1760860676&s=kitchen&sr=1-72&xpid=_CZF_V-KWnrIo
"Geo Fashion Heavy Duty 7-Tier Lid and Dish Organizer Rack - Matte Black Kitchen Storage and Organization Stand - Plate Holder, Pan/Pot Covers, Cutting Board and Cookie Sheet Divider",B0DLKDQVSD,499,N/A,3.6,6 ratings,https://www.amazon.in/Geo-Fashion-Heavy-7-Tier-Organizer/dp/B0DLKDQVSD/ref=sr_1_73?dib=eyJ2IjoiMSJ9.DeFhiKUcF7iKtTVQ3QgZHnDW7ADSF09zqR_LdR9TxMSjjuBRQgRGAR1GGd5hn5KWhoUeagJxgGdYNoEyWG-C0diu5Frglm6I1KHJ0pG-G47JhK3k8gnU4Kun0xXT-laCNoP_AIXTjoSX9gn-bDrVHic81OD_445iBkGc7CUpaFevWhsgdzFOa781h2zzV0WTMUc7c2kxsaQLNnwn0Im8N-Y6rW5d-dI9RCYGAXeXJOAjTt_4SXX28QMSiSjviNFZz0-r-3dXUY6AG_ym7CpzRjZxdPoPe-LmwWQE4RmeQyk.3H6oIooL2YWZzyXXcOCSsdi4FwtQLDCZeYkkQCwAwr8&dib_tag=se&keywords=storage+organization&qid=1760860676&s=kitchen&sr=1-73&xpid=_CZF_V-KWnrIo
"Ink Craft 75L Large Laundry Basket with Lid – Foldable Dirty Clothes Hamper & Cloth Storage Bin, Multipurpose Laundry Bag & Clothes Organizer for Bedroom, Bathroom & Home (1, Grey)",B0FMYK6Q8J,249,ink craft,5.0,3 ratings,https://www.amazon.in/Ink-Craft-Large-Laundry-Basket/dp/B0FMYK6Q8J/ref=sr_1_74?dib=eyJ2IjoiMSJ9.DeFhiKUcF7iKtTVQ3QgZHnDW7ADSF09zqR_LdR9TxMSjjuBRQgRGAR1GGd5hn5KWhoUeagJxgGdYNoEyWG-C0diu5Frglm6I1KHJ0pG-G47JhK3k8gnU4Kun0xXT-laCNoP_AIXTjoSX9gn-bDrVHic81OD_445iBkGc7CUpaFevWhsgdzFOa781h2zzV0WTMUc7c2kxsaQLNnwn0Im8N-Y6rW5d-dI9RCYGAXeXJOAjTt_4SXX28QMSiSjviNFZz0-r-3dXUY6AG_ym7CpzRjZxdPoPe-LmwWQE4RmeQyk.3H6oIooL2YWZzyXXcOCSsdi4FwtQLDCZeYkkQCwAwr8&dib_tag=se&keywords=storage+organization&qid=1760860676&s=kitchen&sr=1-74&xpid=_CZF_V-KWnrIo
TAKIVA Transparent Plastic Clothes Storage Bag (Pack of 4) | Clothes Organiser for Wardrobe | Saree Covers with zip |Saree Organizer for Wardrobe | Saree Bags Storage | Saree Covers for Storage,B0D5LMQXYF,629,TAKIVA,4.2,200 ratings,https://www.amazon.in/TAKIVA-Transparent-Organiser-Wardrobe-Organizer/dp/B0D5LMQXYF/ref=sr_1_75?dib=eyJ2IjoiMSJ9.DeFhiKUcF7iKtTVQ3QgZHnDW7ADSF09zqR_LdR9TxMSjjuBRQgRGAR1GGd5hn5KWhoUeagJxgGdYNoEyWG-C0diu5Frglm6I1KHJ0pG-G47JhK3k8gnU4Kun0xXT-laCNoP_AIXTjoSX9gn-bDrVHic81OD_445iBkGc7CUpaFevWhsgdzFOa781h2zzV0WTMUc7c2kxsaQLNnwn0Im8N-Y6rW5d-dI9RCYGAXeXJOAjTt_4SXX28QMSiSjviNFZz0-r-3dXUY6AG_ym7CpzRjZxdPoPe-LmwWQE4RmeQyk.3H6oIooL2YWZzyXXcOCSsdi4FwtQLDCZeYkkQCwAwr8&dib_tag=se&keywords=storage+organization&qid=1760860676&s=kitchen&sr=1-75&xpid=_CZF_V-KWnrIo
"House of Quirk Set of 3 Wardrobe Clothes Organizer with Handle, Closet Drawer Organizers for Jeans Pants T-shirt Sweater Kids Clothes (6+7+9 Grids, Beige) (Fabric)",B0B5QY1YKR,473,House of Quirk,3.9,"1,253 ratings",https://www.amazon.in/House-Quirk-Wardrobe-Organizer-Organizers/dp/B0B5QY1YKR/ref=sr_1_76?dib=eyJ2IjoiMSJ9.DeFhiKUcF7iKtTVQ3QgZHnDW7ADSF09zqR_LdR9TxMSjjuBRQgRGAR1GGd5hn5KWhoUeagJxgGdYNoEyWG-C0diu5Frglm6I1KHJ0pG-G47JhK3k8gnU4Kun0xXT-laCNoP_AIXTjoSX9gn-bDrVHic81OD_445iBkGc7CUpaFevWhsgdzFOa781h2zzV0WTMUc7c2kxsaQLNnwn0Im8N-Y6rW5d-dI9RCYGAXeXJOAjTt_4SXX28QMSiSjviNFZz0-r-3dXUY6AG_ym7CpzRjZxdPoPe-LmwWQE4RmeQyk.3H6oIooL2YWZzyXXcOCSsdi4FwtQLDCZeYkkQCwAwr8&dib_tag=se&keywords=storage+organization&qid=1760860676&s=kitchen&sr=1-76&xpid=_CZF_V-KWnrIo
Kuber Industries Pack of 3 Underbed Storage Bag | Clothes Storage Organizer | Visible Window Wardrobe Bag | Closet Organization with Handle | Zipper Clothes Bag | Gola-Print | White,B0CWH7GB7X,261,Kuber Industries,3.9,64 ratings,https://www.amazon.in/Kuber-Industries-Organizer-Organization-Gola-Print/dp/B0CWH7GB7X/ref=sr_1_77?dib=eyJ2IjoiMSJ9.DeFhiKUcF7iKtTVQ3QgZHnDW7ADSF09zqR_LdR9TxMSjjuBRQgRGAR1GGd5hn5KWhoUeagJxgGdYNoEyWG-C0diu5Frglm6I1KHJ0pG-G47JhK3k8gnU4Kun0xXT-laCNoP_AIXTjoSX9gn-bDrVHic81OD_445iBkGc7CUpaFevWhsgdzFOa781h2zzV0WTMUc7c2kxsaQLNnwn0Im8N-Y6rW5d-dI9RCYGAXeXJOAjTt_4SXX28QMSiSjviNFZz0-r-3dXUY6AG_ym7CpzRjZxdPoPe-LmwWQE4RmeQyk.3H6oIooL2YWZzyXXcOCSsdi4FwtQLDCZeYkkQCwAwr8&dib_tag=se&keywords=storage+organization&qid=1760860676&s=kitchen&sr=1-77&xpid=_CZF_V-KWnrIo
"HOME CUBE 1 Pc Under Bed Storage Organizer Zip Cover With Wheels, Rolling Under Bed Storage Container, Bedroom Storage Organization With Handle- Black, Metal, Fabric",B0CH4XBCJY,"1,799",HOME CUBE,3.9,109 ratings,https://www.amazon.in/HOME-CUBE-Organizer-Container-Organization/dp/B0CH4XBCJY/ref=sr_1_78?dib=eyJ2IjoiMSJ9.DeFhiKUcF7iKtTVQ3QgZHnDW7ADSF09zqR_LdR9TxMSjjuBRQgRGAR1GGd5hn5KWhoUeagJxgGdYNoEyWG-C0diu5Frglm6I1KHJ0pG-G47JhK3k8gnU4Kun0xXT-laCNoP_AIXTjoSX9gn-bDrVHic81OD_445iBkGc7CUpaFevWhsgdzFOa781h2zzV0WTMUc7c2kxsaQLNnwn0Im8N-Y6rW5d-dI9RCYGAXeXJOAjTt_4SXX28QMSiSjviNFZz0-r-3dXUY6AG_ym7CpzRjZxdPoPe-LmwWQE4RmeQyk.3H6oIooL2YWZzyXXcOCSsdi4FwtQLDCZeYkkQCwAwr8&dib_tag=se&keywords=storage+organization&qid=1760860676&s=kitchen&sr=1-78&xpid=_CZF_V-KWnrIo
ALOXE Cosmetic Organizer Box Drawers Storage Plastic Stationary Box | Make Up Organiser for Women (Green),B0CG5NDZJL,249,N/A,4.1,"10,502 ratings",https://www.amazon.in/ALOXE-Cosmetic-Organizer-Stationary-Organiser/dp/B0CG5NDZJL/ref=sr_1_76?dib=eyJ2IjoiMSJ9.eX64meOV0F0UhGuQGbdDPOxsA0Jyf9zpQn85JSHV9RhWjtqe-tzmiU8jd8lzTBtl_PQgmzshoppgzhUtRQ-apJupIE0v29TvivSkiqeqht3HWFWW9SNxDOf5M21ZGQdNw3goWbkiu54zjkLZ-isS86nkP2k14_CCqtXlqL1LFCmD7-hg9zHbuxzu6zb4GLXPWKmYLSf4hQ6d2CK1jBkBXE54ATrIzquCAt-gl1M9M1xnYCs_eI_6eC19xZ-aWNgTz2U1tfIMGjvMMfCXHyyzDPl5jG2bqi_DtJlf7oMXTBg.b1SnHEk9dX362ewd-hOT6LyQ0biwbY5xTfS1cVsuCkA&dib_tag=se&keywords=storage+organization&qid=1760860681&s=kitchen&sr=1-76&xpid=_CZF_V-KWnrIo
"Leawall Self-Adhesive Plastic Bathroom Rack - Wall Mounted Shelf Organizer for Bathroom & Kitchen - Durable Storage Rack for Bathroom Accessories, Home Organization & Hardware",B0DPSWPSSB,248,LEAWALL,4.0,200 ratings,https://www.amazon.in/Leawall-Self-Adhesive-Plastic-Bathroom-Rack/dp/B0DPSWPSSB/ref=sr_1_77?dib=eyJ2IjoiMSJ9.eX64meOV0F0UhGuQGbdDPOxsA0Jyf9zpQn85JSHV9RhWjtqe-tzmiU8jd8lzTBtl_PQgmzshoppgzhUtRQ-apJupIE0v29TvivSkiqeqht3HWFWW9SNxDOf5M21ZGQdNw3goWbkiu54zjkLZ-isS86nkP2k14_CCqtXlqL1LFCmD7-hg9zHbuxzu6zb4GLXPWKmYLSf4hQ6d2CK1jBkBXE54ATrIzquCAt-gl1M9M1xnYCs_eI_6eC19xZ-aWNgTz2U1tfIMGjvMMfCXHyyzDPl5jG2bqi_DtJlf7oMXTBg.b1SnHEk9dX362ewd-hOT6LyQ0biwbY5xTfS1cVsuCkA&dib_tag=se&keywords=storage+organization&qid=1760860681&s=kitchen&sr=1-77&xpid=_CZF_V-KWnrIo
"NYALKARAN Foldable Wardrobe Organizer for Clothes Toys and Books Smart Space-Saving Storage Box for Efficient Organization Ideal for Closets (26 LTR FOLDABLE BASKET, PACK OF 4)",B0DHY11RQV,789,NYALKARAN,4.3,4 ratings,https://www.amazon.in/NYALKARAN-Space-Saving-LTR-FOLDABLE-BASKET/dp/B0DHY11RQV/ref=sr_1_78?dib=eyJ2IjoiMSJ9.eX64meOV0F0UhGuQGbdDPOxsA0Jyf9zpQn85JSHV9RhWjtqe-tzmiU8jd8lzTBtl_PQgmzshoppgzhUtRQ-apJupIE0v29TvivSkiqeqht3HWFWW9SNxDOf5M21ZGQdNw3goWbkiu54zjkLZ-isS86nkP2k14_CCqtXlqL1LFCmD7-hg9zHbuxzu6zb4GLXPWKmYLSf4hQ6d2CK1jBkBXE54ATrIzquCAt-gl1M9M1xnYCs_eI_6eC19xZ-aWNgTz2U1tfIMGjvMMfCXHyyzDPl5jG2bqi_DtJlf7oMXTBg.b1SnHEk9dX362ewd-hOT6LyQ0biwbY5xTfS1cVsuCkA&dib_tag=se&keywords=storage+organization&qid=1760860681&s=kitchen&sr=1-78&xpid=_CZF_V-KWnrIo
"House of Quirk Retractable Plastic Storage Bins w/Handles, Expandable Stackable Organization and Storage Containers Organizers for Closet Kitchen Pantry Refrigerator Cabinet Dresser (Small, 3 PCS)",B0DBQSSFZR,849,House of Quirk,3.4,22 ratings,https://www.amazon.in/House-Quirk-Retractable-Organization-Refrigerator/dp/B0DBQSSFZR/ref=sr_1_79?dib=eyJ2IjoiMSJ9.eX64meOV0F0UhGuQGbdDPOxsA0Jyf9zpQn85JSHV9RhWjtqe-tzmiU8jd8lzTBtl_PQgmzshoppgzhUtRQ-apJupIE0v29TvivSkiqeqht3HWFWW9SNxDOf5M21ZGQdNw3goWbkiu54zjkLZ-isS86nkP2k14_CCqtXlqL1LFCmD7-hg9zHbuxzu6zb4GLXPWKmYLSf4hQ6d2CK1jBkBXE54ATrIzquCAt-gl1M9M1xnYCs_eI_6eC19xZ-aWNgTz2U1tfIMGjvMMfCXHyyzDPl5jG2bqi_DtJlf7oMXTBg.b1SnHEk9dX362ewd-hOT6LyQ0biwbY5xTfS1cVsuCkA&dib_tag=se&keywords=storage+organization&qid=1760860681&s=kitchen&sr=1-79&xpid=_CZF_V-KWnrIo
"BLURISM Portable Partition Medicine Box, Compact Double-Layer Plastic Medicine Storage Box - Portable Family First Aid Kit Organizer,Storage Bins for Home Organization for Family Travel, kids,Outdoor",B0F88BFQR3,"1,399",BLURISM,4.0,1 rating,https://www.amazon.in/BLURISM-Portable-Partition-Medicine-Double-Layer/dp/B0F88BFQR3/ref=sr_1_80?dib=eyJ2IjoiMSJ9.eX64meOV0F0UhGuQGbdDPOxsA0Jyf9zpQn85JSHV9RhWjtqe-tzmiU8jd8lzTBtl_PQgmzshoppgzhUtRQ-apJupIE0v29TvivSkiqeqht3HWFWW9SNxDOf5M21ZGQdNw3goWbkiu54zjkLZ-isS86nkP2k14_CCqtXlqL1LFCmD7-hg9zHbuxzu6zb4GLXPWKmYLSf4hQ6d2CK1jBkBXE54ATrIzquCAt-gl1M9M1xnYCs_eI_6eC19xZ-aWNgTz2U1tfIMGjvMMfCXHyyzDPl5jG2bqi_DtJlf7oMXTBg.b1SnHEk9dX362ewd-hOT6LyQ0biwbY5xTfS1cVsuCkA&dib_tag=se&keywords=storage+organization&qid=1760860681&s=kitchen&sr=1-80&xpid=_CZF_V-KWnrIo
"DME SALES 10 Pack Heavy Duty Adhesive Wall Hooks – Waterproof Stainless Steel Stick On Hooks for Towel, Coat & Kitchen Storage – Damage-Free Wall Hangers for Bathroom, Home, and Office Organization",B0FP4ZVY7Q,149,DME SALES,3.9,12 ratings,https://www.amazon.in/DME-SALES-Heavy-Adhesive-Hooks/dp/B0FP4ZVY7Q/ref=sr_1_81?dib=eyJ2IjoiMSJ9.eX64meOV0F0UhGuQGbdDPOxsA0Jyf9zpQn85JSHV9RhWjtqe-tzmiU8jd8lzTBtl_PQgmzshoppgzhUtRQ-apJupIE0v29TvivSkiqeqht3HWFWW9SNxDOf5M21ZGQdNw3goWbkiu54zjkLZ-isS86nkP2k14_CCqtXlqL1LFCmD7-hg9zHbuxzu6zb4GLXPWKmYLSf4hQ6d2CK1jBkBXE54ATrIzquCAt-gl1M9M1xnYCs_eI_6eC19xZ-aWNgTz2U1tfIMGjvMMfCXHyyzDPl5jG2bqi_DtJlf7oMXTBg.b1SnHEk9dX362ewd-hOT6LyQ0biwbY5xTfS1cVsuCkA&dib_tag=se&keywords=storage+organization&qid=1760860681&s=kitchen&sr=1-81&xpid=_CZF_V-KWnrIo
"Foldable Laundry Basket with Lid & Handles – Large Collapsible Clothes Storage Hamper for Bedroom, Bathroom & Home Organization",B0FNWVCWXX,298,JoyeCrafts,Not Available,Not Available,https://www.amazon.in/Foldable-Laundry-Basket-Lid-Handles/dp/B0FNWVCWXX/ref=sr_1_82?dib=eyJ2IjoiMSJ9.eX64meOV0F0UhGuQGbdDPOxsA0Jyf9zpQn85JSHV9RhWjtqe-tzmiU8jd8lzTBtl_PQgmzshoppgzhUtRQ-apJupIE0v29TvivSkiqeqht3HWFWW9SNxDOf5M21ZGQdNw3goWbkiu54zjkLZ-isS86nkP2k14_CCqtXlqL1LFCmD7-hg9zHbuxzu6zb4GLXPWKmYLSf4hQ6d2CK1jBkBXE54ATrIzquCAt-gl1M9M1xnYCs_eI_6eC19xZ-aWNgTz2U1tfIMGjvMMfCXHyyzDPl5jG2bqi_DtJlf7oMXTBg.b1SnHEk9dX362ewd-hOT6LyQ0biwbY5xTfS1cVsuCkA&dib_tag=se&keywords=storage+organization&qid=1760860681&s=kitchen&sr=1-82&xpid=_CZF_V-KWnrIo
"GROZNOL 5XL Plastic Modular Drawer System for Home, Office, Hospital, Parlor, School, Doctors, Home and Kids, Product Dimension When assembeled (27cmx32cmx85 cm) (5 XL) (MultiColour)",B0CCPR45ZQ,699,GROZNOL,3.9,"2,093 ratings",https://www.amazon.in/GROZNOL-Dimension-assembeled-27cmx32cmx85-MultiColour/dp/B0CCPR45ZQ/ref=sr_1_83?dib=eyJ2IjoiMSJ9.eX64meOV0F0UhGuQGbdDPOxsA0Jyf9zpQn85JSHV9RhWjtqe-tzmiU8jd8lzTBtl_PQgmzshoppgzhUtRQ-apJupIE0v29TvivSkiqeqht3HWFWW9SNxDOf5M21ZGQdNw3goWbkiu54zjkLZ-isS86nkP2k14_CCqtXlqL1LFCmD7-hg9zHbuxzu6zb4GLXPWKmYLSf4hQ6d2CK1jBkBXE54ATrIzquCAt-gl1M9M1xnYCs_eI_6eC19xZ-aWNgTz2U1tfIMGjvMMfCXHyyzDPl5jG2bqi_DtJlf7oMXTBg.b1SnHEk9dX362ewd-hOT6LyQ0biwbY5xTfS1cVsuCkA&dib_tag=se&keywords=storage+organization&qid=1760860681&s=kitchen&sr=1-83&xpid=_CZF_V-KWnrIo
"TEX-RO Plastic Modular Drawer Storage Chest Of Drawers Organizer Storage Box, Large Stomo Racks For Multipurpose Anti-slip Shoes Organizers | Brown | 5 Layer",B09N2JPWY5,899,TEX-RO,4.1,"1,615 ratings",https://www.amazon.in/TEX-RO-Plastic-multipurpose-Anti-Slip-organizers/dp/B09N2JPWY5/ref=sr_1_84?dib=eyJ2IjoiMSJ9.eX64meOV0F0UhGuQGbdDPOxsA0Jyf9zpQn85JSHV9RhWjtqe-tzmiU8jd8lzTBtl_PQgmzshoppgzhUtRQ-apJupIE0v29TvivSkiqeqht3HWFWW9SNxDOf5M21ZGQdNw3goWbkiu54zjkLZ-isS86nkP2k14_CCqtXlqL1LFCmD7-hg9zHbuxzu6zb4GLXPWKmYLSf4hQ6d2CK1jBkBXE54ATrIzquCAt-gl1M9M1xnYCs_eI_6eC19xZ-aWNgTz2U1tfIMGjvMMfCXHyyzDPl5jG2bqi_DtJlf7oMXTBg.b1SnHEk9dX362ewd-hOT6LyQ0biwbY5xTfS1cVsuCkA&dib_tag=se&keywords=storage+organization&qid=1760860681&s=kitchen&sr=1-84&xpid=_CZF_V-KWnrIo
"GRACIOUS MART Large Transparent Storage Bin with Lockable Airtight Lid, Scratch-Resistant Plastic Container on Wheels for Home Organization And Storage (PACK OF 2, 2X-LARGE - 20 X 14.5 X 12 INCH)",B0F62KPS4Q,"1,424",GRACIOUS MART,4.1,157 ratings,https://www.amazon.in/GRACIOUS-MART-Transparent-Scratch-Resistant-Organization/dp/B0F62KPS4Q/ref=sr_1_85?dib=eyJ2IjoiMSJ9.eX64meOV0F0UhGuQGbdDPOxsA0Jyf9zpQn85JSHV9RhWjtqe-tzmiU8jd8lzTBtl_PQgmzshoppgzhUtRQ-apJupIE0v29TvivSkiqeqht3HWFWW9SNxDOf5M21ZGQdNw3goWbkiu54zjkLZ-isS86nkP2k14_CCqtXlqL1LFCmD7-hg9zHbuxzu6zb4GLXPWKmYLSf4hQ6d2CK1jBkBXE54ATrIzquCAt-gl1M9M1xnYCs_eI_6eC19xZ-aWNgTz2U1tfIMGjvMMfCXHyyzDPl5jG2bqi_DtJlf7oMXTBg.b1SnHEk9dX362ewd-hOT6LyQ0biwbY5xTfS1cVsuCkA&dib_tag=se&keywords=storage+organization&qid=1760860681&s=kitchen&sr=1-85&xpid=_CZF_V-KWnrIo
"SR Brand Fridge Storage Boxes Pack Of 6 With Removable Drain Plate And Airtight Lid | Stackable Plastic Fridge Storage Containers Keeps Fruits, Vegetables, Meat, Fish Fresh Longer, 1500 Ml",B0D5VMXQ7S,267,THE SR BRAND,4.0,889 ratings,https://www.amazon.in/SR-Removable-Stackable-Containers-Vegetables/dp/B0D5VMXQ7S/ref=sr_1_86?dib=eyJ2IjoiMSJ9.eX64meOV0F0UhGuQGbdDPOxsA0Jyf9zpQn85JSHV9RhWjtqe-tzmiU8jd8lzTBtl_PQgmzshoppgzhUtRQ-apJupIE0v29TvivSkiqeqht3HWFWW9SNxDOf5M21ZGQdNw3goWbkiu54zjkLZ-isS86nkP2k14_CCqtXlqL1LFCmD7-hg9zHbuxzu6zb4GLXPWKmYLSf4hQ6d2CK1jBkBXE54ATrIzquCAt-gl1M9M1xnYCs_eI_6eC19xZ-aWNgTz2U1tfIMGjvMMfCXHyyzDPl5jG2bqi_DtJlf7oMXTBg.b1SnHEk9dX362ewd-hOT6LyQ0biwbY5xTfS1cVsuCkA&dib_tag=se&keywords=storage+organization&qid=1760860681&s=kitchen&sr=1-86&xpid=_CZF_V-KWnrIo
Kuber Industries 55 Ltr Plastic Big Laundry Basket for Clothes with Lid & Carry Handles | Lightweight & Ventilated Design Cloth Basket - Ideal for Home Organization and Storage | Light Grey,B0DL5QBVDT,971,Kuber Industries,3.9,467 ratings,https://www.amazon.in/Kuber-Industries-Plastic-Lightweight-Ventilated/dp/B0DL5QBVDT/ref=sr_1_87?dib=eyJ2IjoiMSJ9.eX64meOV0F0UhGuQGbdDPOxsA0Jyf9zpQn85JSHV9RhWjtqe-tzmiU8jd8lzTBtl_PQgmzshoppgzhUtRQ-apJupIE0v29TvivSkiqeqht3HWFWW9SNxDOf5M21ZGQdNw3goWbkiu54zjkLZ-isS86nkP2k14_CCqtXlqL1LFCmD7-hg9zHbuxzu6zb4GLXPWKmYLSf4hQ6d2CK1jBkBXE54ATrIzquCAt-gl1M9M1xnYCs_eI_6eC19xZ-aWNgTz2U1tfIMGjvMMfCXHyyzDPl5jG2bqi_DtJlf7oMXTBg.b1SnHEk9dX362ewd-hOT6LyQ0biwbY5xTfS1cVsuCkA&dib_tag=se&keywords=storage+organization&qid=1760860681&s=kitchen&sr=1-87&xpid=_CZF_V-KWnrIo
"ARHAT ORGANIZERS Iron Countertop Organizer | Table Riser Kitcehn Storage Shelves | Home Organization And Storage - For Spice Rack, Cupboard, Closet, Pantry, Corner, Under Sink (Small, White)",B0CTXC3FY6,"1,099",N/A,4.4,104 ratings,https://www.amazon.in/ARHAT-ORGANIZERS-Countertop-Organizer-Organization/dp/B0CTXC3FY6/ref=sr_1_91?dib=eyJ2IjoiMSJ9.eX64meOV0F0UhGuQGbdDPOxsA0Jyf9zpQn85JSHV9RhWjtqe-tzmiU8jd8lzTBtl_PQgmzshoppgzhUtRQ-apJupIE0v29TvivSkiqeqht3HWFWW9SNxDOf5M21ZGQdNw3goWbkiu54zjkLZ-isS86nkP2k14_CCqtXlqL1LFCmD7-hg9zHbuxzu6zb4GLXPWKmYLSf4hQ6d2CK1jBkBXE54ATrIzquCAt-gl1M9M1xnYCs_eI_6eC19xZ-aWNgTz2U1tfIMGjvMMfCXHyyzDPl5jG2bqi_DtJlf7oMXTBg.b1SnHEk9dX362ewd-hOT6LyQ0biwbY5xTfS1cVsuCkA&dib_tag=se&keywords=storage+organization&qid=1760860681&s=kitchen&sr=1-91&xpid=_CZF_V-KWnrIo
"SITTELLA® Polystyrene Pack of 3 Foldable Wardrobe Organizer with Durable Handle, Stuff Storage Box Closet Drawer Organizers for Clothes, Toys, Blanket etc. (Grey), 47x27 cm",B0DHL8WSDK,628,SITTELLA,4.2,537 ratings,https://www.amazon.in/SITTELLA-Polystyrene-Foldable-Organizer-Organizers/dp/B0DHL8WSDK/ref=sr_1_92?dib=eyJ2IjoiMSJ9.eX64meOV0F0UhGuQGbdDPOxsA0Jyf9zpQn85JSHV9RhWjtqe-tzmiU8jd8lzTBtl_PQgmzshoppgzhUtRQ-apJupIE0v29TvivSkiqeqht3HWFWW9SNxDOf5M21ZGQdNw3goWbkiu54zjkLZ-isS86nkP2k14_CCqtXlqL1LFCmD7-hg9zHbuxzu6zb4GLXPWKmYLSf4hQ6d2CK1jBkBXE54ATrIzquCAt-gl1M9M1xnYCs_eI_6eC19xZ-aWNgTz2U1tfIMGjvMMfCXHyyzDPl5jG2bqi_DtJlf7oMXTBg.b1SnHEk9dX362ewd-hOT6LyQ0biwbY5xTfS1cVsuCkA&dib_tag=se&keywords=storage+organization&qid=1760860681&s=kitchen&sr=1-92&xpid=_CZF_V-KWnrIo
"BB BACKBENCHERS Heavy Duty Laundry Basket, Large Clothes Storage Hamper for Blankets, Dorm, Apartment, Laundromat (Black)",B0FBK7VC5Z,205,BB BACKBENCHERS,3.8,830 ratings,https://www.amazon.in/BB-BACKBENCHERS-Laundry-Basket-Laundromat/dp/B0FBK7VC5Z/ref=sr_1_93?dib=eyJ2IjoiMSJ9.eX64meOV0F0UhGuQGbdDPOxsA0Jyf9zpQn85JSHV9RhWjtqe-tzmiU8jd8lzTBtl_PQgmzshoppgzhUtRQ-apJupIE0v29TvivSkiqeqht3HWFWW9SNxDOf5M21ZGQdNw3goWbkiu54zjkLZ-isS86nkP2k14_CCqtXlqL1LFCmD7-hg9zHbuxzu6zb4GLXPWKmYLSf4hQ6d2CK1jBkBXE54ATrIzquCAt-gl1M9M1xnYCs_eI_6eC19xZ-aWNgTz2U1tfIMGjvMMfCXHyyzDPl5jG2bqi_DtJlf7oMXTBg.b1SnHEk9dX362ewd-hOT6LyQ0biwbY5xTfS1cVsuCkA&dib_tag=se&keywords=storage+organization&qid=1760860681&s=kitchen&sr=1-93&xpid=_CZF_V-KWnrIo
"JIALTO 1 Pcs Stainless Steel Broom Holder with Hook - Wall-Mounted Adhesive Storage Solution for Broom Holders, Home, and Kitchen Organization Mop Handles",B0CMTXF4C9,147,JIALTO,3.8,"1,624 ratings",https://www.amazon.in/JIALTO-Stainless-Steel-Broom-Holder/dp/B0CMTXF4C9/ref=sr_1_94?dib=eyJ2IjoiMSJ9.eX64meOV0F0UhGuQGbdDPOxsA0Jyf9zpQn85JSHV9RhWjtqe-tzmiU8jd8lzTBtl_PQgmzshoppgzhUtRQ-apJupIE0v29TvivSkiqeqht3HWFWW9SNxDOf5M21ZGQdNw3goWbkiu54zjkLZ-isS86nkP2k14_CCqtXlqL1LFCmD7-hg9zHbuxzu6zb4GLXPWKmYLSf4hQ6d2CK1jBkBXE54ATrIzquCAt-gl1M9M1xnYCs_eI_6eC19xZ-aWNgTz2U1tfIMGjvMMfCXHyyzDPl5jG2bqi_DtJlf7oMXTBg.b1SnHEk9dX362ewd-hOT6LyQ0biwbY5xTfS1cVsuCkA&dib_tag=se&keywords=storage+organization&qid=1760860681&s=kitchen&sr=1-94&xpid=_CZF_V-KWnrIo
Go Hooked Metal Storage Basket with Hooks | Wall Mounted No Drill Self-Adhesive Shelf for Bathroom & Home Organization | Multipurpose Storage Rack | Bathroom Shelf Organizer | Metal Wall Shelf,B0DXF77G9N,259,,4.2,23 ratings,https://www.amazon.in/Hooked-Storage-Basket-Self-Adhesive-Organization/dp/B0DXF77G9N/ref=sr_1_95?dib=eyJ2IjoiMSJ9.eX64meOV0F0UhGuQGbdDPOxsA0Jyf9zpQn85JSHV9RhWjtqe-tzmiU8jd8lzTBtl_PQgmzshoppgzhUtRQ-apJupIE0v29TvivSkiqeqht3HWFWW9SNxDOf5M21ZGQdNw3goWbkiu54zjkLZ-isS86nkP2k14_CCqtXlqL1LFCmD7-hg9zHbuxzu6zb4GLXPWKmYLSf4hQ6d2CK1jBkBXE54ATrIzquCAt-gl1M9M1xnYCs_eI_6eC19xZ-aWNgTz2U1tfIMGjvMMfCXHyyzDPl5jG2bqi_DtJlf7oMXTBg.b1SnHEk9dX362ewd-hOT6LyQ0biwbY5xTfS1cVsuCkA&dib_tag=se&keywords=storage+organization&qid=1760860681&s=kitchen&sr=1-95&xpid=_CZF_V-KWnrIo
Kuber Industries Drawer Storage Box | Zig Zag Storage Box with Lid | Non-Woven Clothes Organizer for Toys | Storage Box with Handle | Small | Pink,B0CW2XGX6F,219,Kuber Industries,3.8,43 ratings,https://www.amazon.in/Kuber-Industries-Storage-Non-Woven-Organizer/dp/B0CW2XGX6F/ref=sr_1_96?dib=eyJ2IjoiMSJ9.eX64meOV0F0UhGuQGbdDPOxsA0Jyf9zpQn85JSHV9RhWjtqe-tzmiU8jd8lzTBtl_PQgmzshoppgzhUtRQ-apJupIE0v29TvivSkiqeqht3HWFWW9SNxDOf5M21ZGQdNw3goWbkiu54zjkLZ-isS86nkP2k14_CCqtXlqL1LFCmD7-hg9zHbuxzu6zb4GLXPWKmYLSf4hQ6d2CK1jBkBXE54ATrIzquCAt-gl1M9M1xnYCs_eI_6eC19xZ-aWNgTz2U1tfIMGjvMMfCXHyyzDPl5jG2bqi_DtJlf7oMXTBg.b1SnHEk9dX362ewd-hOT6LyQ0biwbY5xTfS1cVsuCkA&dib_tag=se&keywords=storage+organization&qid=1760860681&s=kitchen&sr=1-96&xpid=_CZF_V-KWnrIo
"KIKA Non Woven Homs Mini 30L Foldable Clothes Storage Organizer Bags With Large Clear Window For Closet, Dorm, Pillows, Bedding, Clothes, Stuffed Toys, Blankets, Moroccan Grey",B0CR1CYXZN,469,KIKA,4.1,50 ratings,https://www.amazon.in/KIKA-MINI-Foldable-Organizer-Blankets/dp/B0CR1CYXZN/ref=sr_1_97?dib=eyJ2IjoiMSJ9.eX64meOV0F0UhGuQGbdDPOxsA0Jyf9zpQn85JSHV9RhWjtqe-tzmiU8jd8lzTBtl_PQgmzshoppgzhUtRQ-apJupIE0v29TvivSkiqeqht3HWFWW9SNxDOf5M21ZGQdNw3goWbkiu54zjkLZ-isS86nkP2k14_CCqtXlqL1LFCmD7-hg9zHbuxzu6zb4GLXPWKmYLSf4hQ6d2CK1jBkBXE54ATrIzquCAt-gl1M9M1xnYCs_eI_6eC19xZ-aWNgTz2U1tfIMGjvMMfCXHyyzDPl5jG2bqi_DtJlf7oMXTBg.b1SnHEk9dX362ewd-hOT6LyQ0biwbY5xTfS1cVsuCkA&dib_tag=se&keywords=storage+organization&qid=1760860681&s=kitchen&sr=1-97&xpid=_CZF_V-KWnrIo
JD FRESH 4 Tier Drawers for Storage Cabinet/Plastic Storage Drawer/Cupboard for Multipurpose Storage Organizer/Stackable Storage Box/Multipurpose Storage Rack/Plastic Wardrobe Organizer (White),B0DV5BMRFD,"1,789",JD FRESH,4.2,227 ratings,https://www.amazon.in/JD-FRESH-Multipurpose-Organizer-Stackable/dp/B0DV5BMRFD/ref=sr_1_98?dib=eyJ2IjoiMSJ9.eX64meOV0F0UhGuQGbdDPOxsA0Jyf9zpQn85JSHV9RhWjtqe-tzmiU8jd8lzTBtl_PQgmzshoppgzhUtRQ-apJupIE0v29TvivSkiqeqht3HWFWW9SNxDOf5M21ZGQdNw3goWbkiu54zjkLZ-isS86nkP2k14_CCqtXlqL1LFCmD7-hg9zHbuxzu6zb4GLXPWKmYLSf4hQ6d2CK1jBkBXE54ATrIzquCAt-gl1M9M1xnYCs_eI_6eC19xZ-aWNgTz2U1tfIMGjvMMfCXHyyzDPl5jG2bqi_DtJlf7oMXTBg.b1SnHEk9dX362ewd-hOT6LyQ0biwbY5xTfS1cVsuCkA&dib_tag=se&keywords=storage+organization&qid=1760860681&s=kitchen&sr=1-98&xpid=_CZF_V-KWnrIo
"HomeCloud Under Bed Storage Solution | Featuring Wheels, Containers and 6.5 Inch High Rolling Shoe Storage with Lid, Ideal for Small Space Organization and Clothes Storage (R_Grey, Set of 1)",B0FV3G71JT,"1,697",HomeCloud,4.1,49 ratings,https://www.amazon.in/dp/B0FV3G71JT/ref=sr_1_99?dib=eyJ2IjoiMSJ9.eX64meOV0F0UhGuQGbdDPOxsA0Jyf9zpQn85JSHV9RhWjtqe-tzmiU8jd8lzTBtl_PQgmzshoppgzhUtRQ-apJupIE0v29TvivSkiqeqht3HWFWW9SNxDOf5M21ZGQdNw3goWbkiu54zjkLZ-isS86nkP2k14_CCqtXlqL1LFCmD7-hg9zHbuxzu6zb4GLXPWKmYLSf4hQ6d2CK1jBkBXE54ATrIzquCAt-gl1M9M1xnYCs_eI_6eC19xZ-aWNgTz2U1tfIMGjvMMfCXHyyzDPl5jG2bqi_DtJlf7oMXTBg.b1SnHEk9dX362ewd-hOT6LyQ0biwbY5xTfS1cVsuCkA&dib_tag=se&keywords=storage+organization&qid=1760860681&s=kitchen&sr=1-99&xpid=_CZF_V-KWnrIo
"PrettyKrafts Fabric Innerwear Clothing Organizer 15+1 Compartment,Folding Drawer Wardrobe Organizer,Bra,Scarf,Belt,Tie,Undergarments,Foldable Storage Box with Lid,Dressing Table Storage Box(Black)",B08CW4XKHY,149,PrettyKrafts,3.6,"1,621 ratings",https://www.amazon.in/PrettyKrafts-Organizer-Undergarments-Foldable-Dressing/dp/B08CW4XKHY/ref=sr_1_100?dib=eyJ2IjoiMSJ9.eX64meOV0F0UhGuQGbdDPOxsA0Jyf9zpQn85JSHV9RhWjtqe-tzmiU8jd8lzTBtl_PQgmzshoppgzhUtRQ-apJupIE0v29TvivSkiqeqht3HWFWW9SNxDOf5M21ZGQdNw3goWbkiu54zjkLZ-isS86nkP2k14_CCqtXlqL1LFCmD7-hg9zHbuxzu6zb4GLXPWKmYLSf4hQ6d2CK1jBkBXE54ATrIzquCAt-gl1M9M1xnYCs_eI_6eC19xZ-aWNgTz2U1tfIMGjvMMfCXHyyzDPl5jG2bqi_DtJlf7oMXTBg.b1SnHEk9dX362ewd-hOT6LyQ0biwbY5xTfS1cVsuCkA&dib_tag=se&keywords=storage+organization&qid=1760860681&s=kitchen&sr=1-100&xpid=_CZF_V-KWnrIo
"AROSHNAY 5 Pack Heavy Duty Adhesive Wall Hooks – Waterproof Stainless Steel Stick On Hooks for Towel, Coat & Kitchen Storage – Damage-Free Wall Hangers for Bathroom, Home, and Office Organization",B0FJX9GC5V,139,AROSHNAY,3.9,21 ratings,https://www.amazon.in/AROSHNAY-Pack-Heavy-Adhesive-Hooks/dp/B0FJX9GC5V/ref=sr_1_101?dib=eyJ2IjoiMSJ9.eX64meOV0F0UhGuQGbdDPOxsA0Jyf9zpQn85JSHV9RhWjtqe-tzmiU8jd8lzTBtl_PQgmzshoppgzhUtRQ-apJupIE0v29TvivSkiqeqht3HWFWW9SNxDOf5M21ZGQdNw3goWbkiu54zjkLZ-isS86nkP2k14_CCqtXlqL1LFCmD7-hg9zHbuxzu6zb4GLXPWKmYLSf4hQ6d2CK1jBkBXE54ATrIzquCAt-gl1M9M1xnYCs_eI_6eC19xZ-aWNgTz2U1tfIMGjvMMfCXHyyzDPl5jG2bqi_DtJlf7oMXTBg.b1SnHEk9dX362ewd-hOT6LyQ0biwbY5xTfS1cVsuCkA&dib_tag=se&keywords=storage+organization&qid=1760860681&s=kitchen&sr=1-101&xpid=_CZF_V-KWnrIo
"House of Quirk Cotton Linen Foldable Under Bed Storage Box – Transparent Multi-Purpose Organizer for Shoes, Clothes, Toys, and More – Breathable Fabric with Lid, Space-Saving Solution (Linen Beige)",B0DY16V65R,378,House of Quirk,3.8,31 ratings,https://www.amazon.in/House-Quirk-Cotton-Foldable-Storage/dp/B0DY16V65R/ref=sr_1_102?dib=eyJ2IjoiMSJ9.eX64meOV0F0UhGuQGbdDPOxsA0Jyf9zpQn85JSHV9RhWjtqe-tzmiU8jd8lzTBtl_PQgmzshoppgzhUtRQ-apJupIE0v29TvivSkiqeqht3HWFWW9SNxDOf5M21ZGQdNw3goWbkiu54zjkLZ-isS86nkP2k14_CCqtXlqL1LFCmD7-hg9zHbuxzu6zb4GLXPWKmYLSf4hQ6d2CK1jBkBXE54ATrIzquCAt-gl1M9M1xnYCs_eI_6eC19xZ-aWNgTz2U1tfIMGjvMMfCXHyyzDPl5jG2bqi_DtJlf7oMXTBg.b1SnHEk9dX362ewd-hOT6LyQ0biwbY5xTfS1cVsuCkA&dib_tag=se&keywords=storage+organization&qid=1760860681&s=kitchen&sr=1-102&xpid=_CZF_V-KWnrIo
"CRAE Clothes, Foldable Clothes Storage Baskets for Wardrobe, Books, Saree, Shirts, Stationery Paper, Document Toy,and Blankets Storage Box with Handles | Pack of 1 | (26 Liter)",B0F6TWPMR4,289,CRAE,4.8,176 ratings,https://www.amazon.in/CRAE-Foldable-Wardrobe-Stationery-Document/dp/B0F6TWPMR4/ref=sr_1_100?dib=eyJ2IjoiMSJ9.QmpMtJL7YHNRuuqOs8FgKe_l5X1rbisduwHPK44_-vjkef9Z-HPm-85ncuLtimUCJYDvco-ur0LQY2d2PWSxEcODbmVnW1xdsqUTdEI7Ig0V8JtTRd52EY8m6SZL5c6NqZS4DeLHeLNUGHRnG3bJY3JdHVJGTm5LB-jYeytNgnl5E7OtotTTrimK2utGkZspb-OC5FugsDFNQVSlfMNkBfoOeAWDYFXWhKrMLOSfrAlr0Pc1rBh23Q-xoELl2qAEWOmYyVdj6zRRBy8D7Z9WopjExGphe5TKARiyVi7ciOs.j0CFIEdqfJcE8B7LMFXZZ3t781WpbpWnfTd2-WPHfW4&dib_tag=se&keywords=storage+organization&qid=1760860687&s=kitchen&sr=1-100&xpid=_CZF_V-KWnrIo
"OLMARTT KITCHENWARE Food Storage Containers with Lids, 6-Pack Clear Plastic Stackable Containers for Refrigerator Organization, Airtight and Reusable",B0FB3P89R1,212,OLMARTT KITCHENWARE,5.0,1 rating,https://www.amazon.in/OLMARTT-KITCHENWARE-Food-Storage-Refrigerator/dp/B0FB3P89R1/ref=sr_1_101?dib=eyJ2IjoiMSJ9.QmpMtJL7YHNRuuqOs8FgKe_l5X1rbisduwHPK44_-vjkef9Z-HPm-85ncuLtimUCJYDvco-ur0LQY2d2PWSxEcODbmVnW1xdsqUTdEI7Ig0V8JtTRd52EY8m6SZL5c6NqZS4DeLHeLNUGHRnG3bJY3JdHVJGTm5LB-jYeytNgnl5E7OtotTTrimK2utGkZspb-OC5FugsDFNQVSlfMNkBfoOeAWDYFXWhKrMLOSfrAlr0Pc1rBh23Q-xoELl2qAEWOmYyVdj6zRRBy8D7Z9WopjExGphe5TKARiyVi7ciOs.j0CFIEdqfJcE8B7LMFXZZ3t781WpbpWnfTd2-WPHfW4&dib_tag=se&keywords=storage+organization&qid=1760860687&s=kitchen&sr=1-101&xpid=_CZF_V-KWnrIo
"PulGos 36pcs Premium Cloth Clips with Storage Box – Cloth Pegs & Hangers for Clothes Drying, Hanging & Organizing – Strong Grip Clips & Cloth Pins for Indoor & Outdoor Use (Multicolor)",B0FBJYXY6H,189,PulGos,4.0,45 ratings,https://www.amazon.in/PulGos-36pcs-Premium-Cloth-Storage/dp/B0FBJYXY6H/ref=sr_1_102?dib=eyJ2IjoiMSJ9.QmpMtJL7YHNRuuqOs8FgKe_l5X1rbisduwHPK44_-vjkef9Z-HPm-85ncuLtimUCJYDvco-ur0LQY2d2PWSxEcODbmVnW1xdsqUTdEI7Ig0V8JtTRd52EY8m6SZL5c6NqZS4DeLHeLNUGHRnG3bJY3JdHVJGTm5LB-jYeytNgnl5E7OtotTTrimK2utGkZspb-OC5FugsDFNQVSlfMNkBfoOeAWDYFXWhKrMLOSfrAlr0Pc1rBh23Q-xoELl2qAEWOmYyVdj6zRRBy8D7Z9WopjExGphe5TKARiyVi7ciOs.j0CFIEdqfJcE8B7LMFXZZ3t781WpbpWnfTd2-WPHfW4&dib_tag=se&keywords=storage+organization&qid=1760860687&s=kitchen&sr=1-102&xpid=_CZF_V-KWnrIo
